ISO-10303-21;
HEADER;
FILE_DESCRIPTION (( 'STEP AP214' ),
    '1' );
FILE_NAME ('FreeWili2 Mount Template.STEP',
    '2026-09-18T19:48:10',
    ( 'Sthayer' ),
    ( '' ),
    'SwSTEP 2.0',
    'SolidWorks 2026',
    '' );
FILE_SCHEMA (( 'AUTOMOTIVE_DESIGN' ));
ENDSEC;

DATA;
#1 = CARTESIAN_POINT ( 'NONE',  ( 64.55980000000002406, 3.274999999999999911, 30.08050000000000068 ) ) ;
#2 = DIRECTION ( 'NONE',  ( 0.000000000000000000, 0.000000000000000000, 1.000000000000000000 ) ) ;
#3 = EDGE_LOOP ( 'NONE', ( #151, #1283, #473, #252 ) ) ;
#4 = FACE_OUTER_BOUND ( 'NONE', #667, .T. ) ;
#5 = EDGE_LOOP ( 'NONE', ( #597, #533, #185, #645 ) ) ;
#6 = DIRECTION ( 'NONE',  ( 0.000000000000000000, -1.000000000000000000, 0.000000000000000000 ) ) ;
#7 = DIRECTION ( 'NONE',  ( 0.7071067811865492381, 0.000000000000000000, 0.7071067811865457964 ) ) ;
#8 = LINE ( 'NONE', #21, #1516 ) ;
#9 = CARTESIAN_POINT ( 'NONE',  ( -56.43309321881341845, 1.000000000000000000, 26.79289321881345387 ) ) ;
#10 = VECTOR ( 'NONE', #844, 1000.000000000000000 ) ;
#11 = DIRECTION ( 'NONE',  ( 0.000000000000000000, 0.000000000000000000, -1.000000000000000000 ) ) ;
#12 = CIRCLE ( 'NONE', #1354, 1.625000000000001332 ) ;
#13 = ORIENTED_EDGE ( 'NONE', *, *, #1345, .T. ) ;
#14 = DIRECTION ( 'NONE',  ( 0.000000000000000000, 0.000000000000000000, 1.000000000000000000 ) ) ;
#15 = CIRCLE ( 'NONE', #708, 1.000000000000000000 ) ;
#16 = AXIS2_PLACEMENT_3D ( 'NONE', #720, #1080, #342 ) ;
#17 = ORIENTED_EDGE ( 'NONE', *, *, #268, .F. ) ;
#18 = VECTOR ( 'NONE', #1254, 1000.000000000000000 ) ;
#19 = AXIS2_PLACEMENT_3D ( 'NONE', #669, #38, #650 ) ;
#20 = LINE ( 'NONE', #1026, #306 ) ;
#21 = CARTESIAN_POINT ( 'NONE',  ( 47.50000000000000711, 1.000000000000000000, 27.50000000000000000 ) ) ;
#22 = DIRECTION ( 'NONE',  ( 0.000000000000000000, -0.000000000000000000, 1.000000000000000000 ) ) ;
#23 = FACE_OUTER_BOUND ( 'NONE', #1057, .T. ) ;
#24 = EDGE_LOOP ( 'NONE', ( #384, #1465, #1029, #986 ) ) ;
#25 = CARTESIAN_POINT ( 'NONE',  ( 64.55980000000002406, 6.500000000000000000, -29.39449999999999008 ) ) ;
#26 = ADVANCED_FACE ( 'NONE', ( #1169 ), #1143, .T. ) ;
#27 = VERTEX_POINT ( 'NONE', #519 ) ;
#28 = LINE ( 'NONE', #1161, #1223 ) ;
#29 = CARTESIAN_POINT ( 'NONE',  ( 47.15483539913793010, 1.000000000000000000, -26.50000000000000711 ) ) ;
#30 = ADVANCED_FACE ( 'NONE', ( #543, #800 ), #1298, .F. ) ;
#31 = ORIENTED_EDGE ( 'NONE', *, *, #73, .F. ) ;
#32 = CARTESIAN_POINT ( 'NONE',  ( -66.94019999999996173, 3.274999999999999911, -8.594499999999992923 ) ) ;
#33 = EDGE_LOOP ( 'NONE', ( #291, #827 ) ) ;
#34 = CYLINDRICAL_SURFACE ( 'NONE', #782, 1.000000000000000888 ) ;
#35 = ORIENTED_EDGE ( 'NONE', *, *, #635, .F. ) ;
#36 = ADVANCED_FACE ( 'NONE', ( #897 ), #1019, .T. ) ;
#37 = DIRECTION ( 'NONE',  ( 0.000000000000000000, 0.000000000000000000, 1.000000000000000000 ) ) ;
#38 = DIRECTION ( 'NONE',  ( 0.000000000000000000, 1.000000000000000000, 0.000000000000000000 ) ) ;
#39 = DIRECTION ( 'NONE',  ( 0.7071067811865479058, -0.000000000000000000, 0.7071067811865471286 ) ) ;
#40 = DIRECTION ( 'NONE',  ( -0.000000000000000000, -1.000000000000000000, 0.000000000000000000 ) ) ;
#41 = ORIENTED_EDGE ( 'NONE', *, *, #462, .T. ) ;
#42 = DIRECTION ( 'NONE',  ( -0.000000000000000000, 1.000000000000000000, -0.000000000000000000 ) ) ;
#43 = ORIENTED_EDGE ( 'NONE', *, *, #817, .T. ) ;
#44 = CIRCLE ( 'NONE', #1097, 1.000000000000000888 ) ;
#45 = DIRECTION ( 'NONE',  ( 0.000000000000000000, 1.000000000000000000, 0.000000000000000000 ) ) ;
#46 = CIRCLE ( 'NONE', #356, 1.999999999999998224 ) ;
#47 = CIRCLE ( 'NONE', #1050, 2.199999999999997957 ) ;
#48 = CYLINDRICAL_SURFACE ( 'NONE', #1327, 1.000000000000000888 ) ;
#49 = DIRECTION ( 'NONE',  ( 0.000000000000000000, 0.000000000000000000, 1.000000000000000000 ) ) ;
#50 = VERTEX_POINT ( 'NONE', #774 ) ;
#51 = DIRECTION ( 'NONE',  ( -0.6213724753655057720, 0.000000000000000000, 0.7835153137355670427 ) ) ;
#52 = ORIENTED_EDGE ( 'NONE', *, *, #373, .F. ) ;
#53 = DIRECTION ( 'NONE',  ( 0.000000000000000000, -1.000000000000000000, 0.000000000000000000 ) ) ;
#54 = DIRECTION ( 'NONE',  ( 0.000000000000000000, 1.000000000000000000, 0.000000000000000000 ) ) ;
#55 = ADVANCED_FACE ( 'NONE', ( #139 ), #653, .F. ) ;
#56 = ORIENTED_EDGE ( 'NONE', *, *, #1088, .T. ) ;
#57 = DIRECTION ( 'NONE',  ( 0.7071067811865479058, -0.000000000000000000, 0.7071067811865470176 ) ) ;
#58 = ORIENTED_EDGE ( 'NONE', *, *, #884, .F. ) ;
#59 = ADVANCED_FACE ( 'NONE', ( #430 ), #48, .T. ) ;
#60 = LINE ( 'NONE', #1061, #10 ) ;
#61 = CARTESIAN_POINT ( 'NONE',  ( -72.14019999999996458, 6.500000000000000000, -12.49999999999999289 ) ) ;
#62 = VERTEX_POINT ( 'NONE', #202 ) ;
#63 = ORIENTED_EDGE ( 'NONE', *, *, #1498, .F. ) ;
#64 = VECTOR ( 'NONE', #1278, 1000.000000000000000 ) ;
#65 = AXIS2_PLACEMENT_3D ( 'NONE', #1023, #1535, #813 ) ;
#66 = FACE_OUTER_BOUND ( 'NONE', #1517, .T. ) ;
#67 = DIRECTION ( 'NONE',  ( 5.551115123125783688E-16, 0.000000000000000000, -1.000000000000000000 ) ) ;
#68 = AXIS2_PLACEMENT_3D ( 'NONE', #1112, #616, #355 ) ;
#69 = ORIENTED_EDGE ( 'NONE', *, *, #142, .T. ) ;
#70 = SURFACE_SIDE_STYLE ('',( #323 ) ) ;
#71 = EDGE_LOOP ( 'NONE', ( #1039, #417, #17, #767 ) ) ;
#72 = DIRECTION ( 'NONE',  ( 0.000000000000000000, 0.000000000000000000, -1.000000000000000000 ) ) ;
#73 = EDGE_CURVE ( 'NONE', #786, #62, #933, .T. ) ;
#74 = DIRECTION ( 'NONE',  ( -0.000000000000000000, 1.000000000000000000, -0.000000000000000000 ) ) ;
#75 = DIRECTION ( 'NONE',  ( 0.7835153137355657105, -0.000000000000000000, 0.6213724753655074373 ) ) ;
#76 = VERTEX_POINT ( 'NONE', #555 ) ;
#77 = ORIENTED_EDGE ( 'NONE', *, *, #403, .F. ) ;
#78 = CYLINDRICAL_SURFACE ( 'NONE', #352, 2.199999999999997069 ) ;
#79 = EDGE_CURVE ( 'NONE', #786, #476, #1586, .T. ) ;
#80 = CARTESIAN_POINT ( 'NONE',  ( 47.77167517276629383, 1.000000000000000000, -27.71291125426030177 ) ) ;
#81 = CARTESIAN_POINT ( 'NONE',  ( -66.94019999999996173, 3.274999999999999911, -8.594499999999992923 ) ) ;
#82 = EDGE_LOOP ( 'NONE', ( #581, #13, #812, #1217 ) ) ;
#83 = CARTESIAN_POINT ( 'NONE',  ( -66.94019999999996173, 6.500000000000000000, -10.21949999999999648 ) ) ;
#84 = EDGE_CURVE ( 'NONE', #231, #1341, #710, .T. ) ;
#85 = ORIENTED_EDGE ( 'NONE', *, *, #92, .T. ) ;
#86 = DIRECTION ( 'NONE',  ( 0.000000000000000000, 1.000000000000000000, 0.000000000000000000 ) ) ;
#87 = AXIS2_PLACEMENT_3D ( 'NONE', #1459, #1339, #679 ) ;
#88 = CIRCLE ( 'NONE', #1013, 2.199999999999997957 ) ;
#89 = LINE ( 'NONE', #1360, #1406 ) ;
#90 = CIRCLE ( 'NONE', #1099, 1.000000000000000888 ) ;
#91 = CARTESIAN_POINT ( 'NONE',  ( 69.75980000000006953, 6.500000000000000000, 35.90549999999999642 ) ) ;
#92 = EDGE_CURVE ( 'NONE', #1326, #1281, #697, .T. ) ;
#93 = CARTESIAN_POINT ( 'NONE',  ( -56.72598643762686521, 1.000000000000000000, 26.50000000000000711 ) ) ;
#94 = AXIS2_PLACEMENT_3D ( 'NONE', #1607, #983, #1135 ) ;
#95 = VERTEX_POINT ( 'NONE', #180 ) ;
#96 = DIRECTION ( 'NONE',  ( 0.000000000000000000, 0.000000000000000000, -1.000000000000000000 ) ) ;
#97 = FACE_OUTER_BOUND ( 'NONE', #118, .T. ) ;
#98 = LINE ( 'NONE', #340, #332 ) ;
#99 = ORIENTED_EDGE ( 'NONE', *, *, #388, .F. ) ;
#100 = FACE_OUTER_BOUND ( 'NONE', #174, .T. ) ;
#101 = EDGE_CURVE ( 'NONE', #1593, #853, #439, .T. ) ;
#102 = ORIENTED_EDGE ( 'NONE', *, *, #817, .F. ) ;
#103 = CYLINDRICAL_SURFACE ( 'NONE', #1250, 0.9999999999999976685 ) ;
#104 = EDGE_CURVE ( 'NONE', #853, #262, #1453, .T. ) ;
#105 = ADVANCED_BREP_SHAPE_REPRESENTATION ( 'FreeWili2 Mount Template', ( #860, #552 ), #1021 ) ;
#106 = SPHERICAL_SURFACE ( 'NONE', #1120, 1.000000000000000000 ) ;
#107 = CARTESIAN_POINT ( 'NONE',  ( -71.14019999999997879, 1.000000000000000000, 12.08578643762691662 ) ) ;
#108 = ORIENTED_EDGE ( 'NONE', *, *, #73, .T. ) ;
#109 = FACE_OUTER_BOUND ( 'NONE', #1519, .T. ) ;
#110 = EDGE_LOOP ( 'NONE', ( #557, #147, #1503, #1212, #862, #797, #753, #935, #674, #1521, #762, #1164 ) ) ;
#111 = CARTESIAN_POINT ( 'NONE',  ( -71.84730678118651781, 6.500000000000000000, 12.79289321881346631 ) ) ;
#112 = LINE ( 'NONE', #603, #1312 ) ;
#113 = VECTOR ( 'NONE', #310, 1000.000000000000000 ) ;
#114 = AXIS2_PLACEMENT_3D ( 'NONE', #668, #640, #1167 ) ;
#115 = VERTEX_POINT ( 'NONE', #314 ) ;
#116 = FACE_BOUND ( 'NONE', #727, .T. ) ;
#117 = CIRCLE ( 'NONE', #1225, 1.000000000000000888 ) ;
#118 = EDGE_LOOP ( 'NONE', ( #214, #488, #938, #1475 ) ) ;
#119 = CIRCLE ( 'NONE', #1048, 1.625000000000004885 ) ;
#120 = CARTESIAN_POINT ( 'NONE',  ( 64.55980000000002406, 3.274999999999999911, -31.59449999999998937 ) ) ;
#121 = VECTOR ( 'NONE', #203, 1000.000000000000000 ) ;
#122 = AXIS2_PLACEMENT_3D ( 'NONE', #1168, #267, #528 ) ;
#123 = ADVANCED_FACE ( 'NONE', ( #1054 ), #825, .T. ) ;
#124 = CARTESIAN_POINT ( 'NONE',  ( 47.77167517276629383, 6.500000000000000000, -27.71291125426030177 ) ) ;
#125 = FACE_OUTER_BOUND ( 'NONE', #574, .T. ) ;
#126 = LINE ( 'NONE', #744, #176 ) ;
#127 = VERTEX_POINT ( 'NONE', #1187 ) ;
#128 = CYLINDRICAL_SURFACE ( 'NONE', #624, 1.625000000000004885 ) ;
#130 = EDGE_CURVE ( 'NONE', #751, #700, #60, .T. ) ;
#129 = DIRECTION ( 'NONE',  ( -0.7071067811865474617, 0.000000000000000000, 0.7071067811865474617 ) ) ;
#131 = CARTESIAN_POINT ( 'NONE',  ( 59.70819761149239469, 1.000000000000000000, 35.90550000000000352 ) ) ;
#133 = EDGE_CURVE ( 'NONE', #1419, #847, #567, .T. ) ;
#132 = EDGE_LOOP ( 'NONE', ( #1576, #41, #317, #1583 ) ) ;
#134 = CARTESIAN_POINT ( 'NONE',  ( 59.70496460086212664, 6.500000000000000000, -35.79449999999999221 ) ) ;
#135 = ORIENTED_EDGE ( 'NONE', *, *, #1145, .F. ) ;
#136 = FACE_OUTER_BOUND ( 'NONE', #435, .T. ) ;
#137 = CARTESIAN_POINT ( 'NONE',  ( 64.55980000000002406, 3.274999999999999911, -29.39449999999999008 ) ) ;
#138 = FACE_OUTER_BOUND ( 'NONE', #283, .T. ) ;
#139 = FACE_OUTER_BOUND ( 'NONE', #993, .T. ) ;
#140 = VECTOR ( 'NONE', #1215, 1000.000000000000000 ) ;
#141 = CARTESIAN_POINT ( 'NONE',  ( 59.70819761149239469, 6.500000000000000000, 35.90550000000000352 ) ) ;
#142 = EDGE_CURVE ( 'NONE', #1547, #570, #437, .T. ) ;
#143 = CIRCLE ( 'NONE', #651, 1.625000000000003109 ) ;
#144 = ORIENTED_EDGE ( 'NONE', *, *, #84, .T. ) ;
#145 = DIRECTION ( 'NONE',  ( 0.000000000000000000, 0.000000000000000000, 1.000000000000000000 ) ) ;
#146 = CIRCLE ( 'NONE', #1070, 2.200000000000000622 ) ;
#147 = ORIENTED_EDGE ( 'NONE', *, *, #276, .T. ) ;
#148 = VECTOR ( 'NONE', #75, 1000.000000000000000 ) ;
#149 = CARTESIAN_POINT ( 'NONE',  ( -66.94019999999996173, 0.000000000000000000, -8.594499999999992923 ) ) ;
#150 = DIRECTION ( 'NONE',  ( 0.000000000000000000, -1.000000000000000000, 0.000000000000000000 ) ) ;
#151 = ORIENTED_EDGE ( 'NONE', *, *, #248, .F. ) ;
#152 = CARTESIAN_POINT ( 'NONE',  ( 69.75980000000006953, 1.000000000000000000, 36.90550000000001063 ) ) ;
#153 = VERTEX_POINT ( 'NONE', #818 ) ;
#154 = DIRECTION ( 'NONE',  ( -0.000000000000000000, -1.000000000000000000, -0.000000000000000000 ) ) ;
#155 = PRODUCT_DEFINITION ( 'UNKNOWN', '', #1338, #1396 ) ;
#156 = ORIENTED_EDGE ( 'NONE', *, *, #1514, .F. ) ;
#157 = DIRECTION ( 'NONE',  ( -1.000000000000000000, 0.000000000000000000, 0.000000000000000000 ) ) ;
#158 = ADVANCED_FACE ( 'NONE', ( #1578 ), #1321, .T. ) ;
#159 = DIRECTION ( 'NONE',  ( 0.000000000000000000, 0.000000000000000000, -1.000000000000000000 ) ) ;
#160 = EDGE_LOOP ( 'NONE', ( #1365, #144, #1025, #482 ) ) ;
#161 = CARTESIAN_POINT ( 'NONE',  ( 48.39434733923867071, 0.000000000000000000, 26.93296937252886991 ) ) ;
#162 = UNCERTAINTY_MEASURE_WITH_UNIT (LENGTH_MEASURE( 1.000000000000000082E-05 ), #1288, 'distance_accuracy_value', 'NONE');
#163 = EDGE_LOOP ( 'NONE', ( #277, #617 ) ) ;
#164 = DIRECTION ( 'NONE',  ( -0.7835153137355670427, -0.000000000000000000, -0.6213724753655056610 ) ) ;
#165 = ORIENTED_EDGE ( 'NONE', *, *, #1348, .F. ) ;
#166 = ADVANCED_FACE ( 'NONE', ( #66 ), #1567, .F. ) ;
#167 = LINE ( 'NONE', #598, #572 ) ;
#168 = DIRECTION ( 'NONE',  ( 0.000000000000000000, 0.000000000000000000, 1.000000000000000000 ) ) ;
#169 = ORIENTED_EDGE ( 'NONE', *, *, #914, .F. ) ;
#170 = EDGE_CURVE ( 'NONE', #115, #688, #830, .T. ) ;
#171 = AXIS2_PLACEMENT_3D ( 'NONE', #1077, #950, #320 ) ;
#172 = ORIENTED_EDGE ( 'NONE', *, *, #642, .T. ) ;
#173 = FACE_OUTER_BOUND ( 'NONE', #836, .T. ) ;
#174 = EDGE_LOOP ( 'NONE', ( #789, #1536, #927 ) ) ;
#175 = AXIS2_PLACEMENT_3D ( 'NONE', #928, #558, #803 ) ;
#176 = VECTOR ( 'NONE', #243, 1000.000000000000000 ) ;
#177 = DIRECTION ( 'NONE',  ( 1.000000000000000000, 0.000000000000000000, 0.000000000000000000 ) ) ;
#178 = EDGE_CURVE ( 'NONE', #1132, #238, #1093, .T. ) ;
#179 = AXIS2_PLACEMENT_3D ( 'NONE', #61, #568, #67 ) ;
#180 = CARTESIAN_POINT ( 'NONE',  ( 64.55980000000002406, 0.000000000000000000, -29.39449999999999008 ) ) ;
#181 = CARTESIAN_POINT ( 'NONE',  ( -66.94019999999996173, 3.274999999999999911, -8.594499999999992923 ) ) ;
#182 = ORIENTED_EDGE ( 'NONE', *, *, #1429, .F. ) ;
#183 = DIRECTION ( 'NONE',  ( -1.000000000000000000, -0.000000000000000000, 7.304098846218136886E-17 ) ) ;
#184 = EDGE_CURVE ( 'NONE', #759, #296, #1180, .T. ) ;
#185 = ORIENTED_EDGE ( 'NONE', *, *, #79, .F. ) ;
#186 = CARTESIAN_POINT ( 'NONE',  ( -57.14019999999995747, 1.000000000000000000, -27.49999999999999289 ) ) ;
#187 = DIRECTION ( 'NONE',  ( 0.000000000000000000, 1.000000000000000000, 0.000000000000000000 ) ) ;
#188 = ORIENTED_EDGE ( 'NONE', *, *, #1293, .F. ) ;
#189 = LINE ( 'NONE', #571, #1016 ) ;
#190 = ORIENTED_EDGE ( 'NONE', *, *, #822, .T. ) ;
#191 = CARTESIAN_POINT ( 'NONE',  ( -71.14019999999996458, 6.500000000000000000, -12.08578643762690064 ) ) ;
#192 = FACE_OUTER_BOUND ( 'NONE', #694, .T. ) ;
#193 = VERTEX_POINT ( 'NONE', #339 ) ;
#194 = CARTESIAN_POINT ( 'NONE',  ( 59.70496460086212664, 1.000000000000000000, -35.79449999999999221 ) ) ;
#195 = EDGE_CURVE ( 'NONE', #702, #193, #807, .T. ) ;
#196 = VERTEX_POINT ( 'NONE', #80 ) ;
#197 = FACE_BOUND ( 'NONE', #1402, .T. ) ;
#198 = AXIS2_PLACEMENT_3D ( 'NONE', #585, #946, #1448 ) ;
#199 = EDGE_CURVE ( 'NONE', #196, #1524, #1066, .T. ) ;
#200 = VECTOR ( 'NONE', #1500, 1000.000000000000000 ) ;
#201 = AXIS2_PLACEMENT_3D ( 'NONE', #1245, #1113, #510 ) ;
#202 = CARTESIAN_POINT ( 'NONE',  ( -71.84730678118650360, 1.000000000000000000, -12.79289321881345032 ) ) ;
#203 = DIRECTION ( 'NONE',  ( 1.000000000000000000, -0.000000000000000000, 0.000000000000000000 ) ) ;
#204 = ORIENTED_EDGE ( 'NONE', *, *, #475, .F. ) ;
#205 = DIRECTION ( 'NONE',  ( 1.000000000000000000, 0.000000000000000000, -7.304098846218136886E-17 ) ) ;
#206 = EDGE_CURVE ( 'NONE', #1419, #425, #982, .T. ) ;
#207 = ORIENTED_EDGE ( 'NONE', *, *, #755, .F. ) ;
#208 = CARTESIAN_POINT ( 'NONE',  ( -57.14019999999995747, 1.000000000000000000, 27.50000000000000355 ) ) ;
#209 = EDGE_CURVE ( 'NONE', #916, #566, #729, .T. ) ;
#210 = DIRECTION ( 'NONE',  ( 1.000000000000000000, 0.000000000000000000, 0.000000000000000000 ) ) ;
#211 = DIRECTION ( 'NONE',  ( 0.000000000000000000, 0.000000000000000000, 1.000000000000000000 ) ) ;
#212 = ORIENTED_EDGE ( 'NONE', *, *, #434, .F. ) ;
#213 = CARTESIAN_POINT ( 'NONE',  ( -57.43309321881341134, 6.500000000000000000, -27.20710678118654258 ) ) ;
#214 = ORIENTED_EDGE ( 'NONE', *, *, #608, .F. ) ;
#215 = DIRECTION ( 'NONE',  ( 0.000000000000000000, -3.469446951953616950E-15, -1.000000000000000000 ) ) ;
#216 = CARTESIAN_POINT ( 'NONE',  ( 64.55980000000002406, 6.500000000000000000, 31.70550000000000423 ) ) ;
#217 = CARTESIAN_POINT ( 'NONE',  ( -56.72598643762686521, 6.500000000000000000, 27.50000000000000711 ) ) ;
#218 = ORIENTED_EDGE ( 'NONE', *, *, #1107, .F. ) ;
#219 =( LENGTH_UNIT ( ) NAMED_UNIT ( * ) SI_UNIT ( .MILLI., .METRE. ) );
#220 = EDGE_CURVE ( 'NONE', #153, #264, #1367, .T. ) ;
#221 = VERTEX_POINT ( 'NONE', #591 ) ;
#222 = CARTESIAN_POINT ( 'NONE',  ( -71.14019999999997879, 1.000000000000000000, 12.08578643762691307 ) ) ;
#223 = VECTOR ( 'NONE', #1431, 1000.000000000000000 ) ;
#225 = EDGE_CURVE ( 'NONE', #619, #221, #957, .T. ) ;
#224 = CARTESIAN_POINT ( 'NONE',  ( 59.70819761149239469, 0.000000000000000000, 35.90550000000000352 ) ) ;
#226 = CARTESIAN_POINT ( 'NONE',  ( 68.75980000000006953, 6.500000000000000000, 35.90549999999999642 ) ) ;
#227 = AXIS2_PLACEMENT_3D ( 'NONE', #335, #821, #1560 ) ;
#228 = ORIENTED_EDGE ( 'NONE', *, *, #1549, .T. ) ;
#229 = DIRECTION ( 'NONE',  ( 0.000000000000000000, 0.000000000000000000, -1.000000000000000000 ) ) ;
#230 = AXIS2_PLACEMENT_3D ( 'NONE', #634, #2, #970 ) ;
#232 = EDGE_CURVE ( 'NONE', #307, #1550, #470, .T. ) ;
#231 = VERTEX_POINT ( 'NONE', #1472 ) ;
#233 = CARTESIAN_POINT ( 'NONE',  ( 47.50000000000000711, 6.500000000000000000, -27.50000000000000711 ) ) ;
#234 = DIRECTION ( 'NONE',  ( 1.000000000000000000, -0.000000000000000000, 3.598936694211350476E-16 ) ) ;
#235 = DIRECTION ( 'NONE',  ( 0.7870887457397083287, -0.000000000000000000, -0.6168397736283651733 ) ) ;
#236 = EDGE_LOOP ( 'NONE', ( #1265, #374, #1166, #882 ) ) ;
#237 = CYLINDRICAL_SURFACE ( 'NONE', #1101, 1.625000000000004885 ) ;
#238 = VERTEX_POINT ( 'NONE', #724 ) ;
#239 = DIRECTION ( 'NONE',  ( 0.000000000000000000, 0.000000000000000000, 1.000000000000000000 ) ) ;
#240 = CARTESIAN_POINT ( 'NONE',  ( 64.55980000000002406, 6.500000000000000000, -29.96949999999998582 ) ) ;
#241 = DIRECTION ( 'NONE',  ( 0.000000000000000000, 1.000000000000000000, 0.000000000000000000 ) ) ;
#242 = VERTEX_POINT ( 'NONE', #353 ) ;
#243 = DIRECTION ( 'NONE',  ( 1.000000000000000000, -0.000000000000000000, -1.095614826932720471E-16 ) ) ;
#244 = ORIENTED_EDGE ( 'NONE', *, *, #1145, .T. ) ;
#245 = DIRECTION ( 'NONE',  ( -3.766021114739338075E-16, 0.000000000000000000, -1.000000000000000000 ) ) ;
#246 = EDGE_CURVE ( 'NONE', #221, #648, #779, .T. ) ;
#247 = DIRECTION ( 'NONE',  ( -0.7071067811865545671, -0.000000000000000000, 0.7071067811865405783 ) ) ;
#248 = EDGE_CURVE ( 'NONE', #336, #783, #89, .T. ) ;
#249 = DIRECTION ( 'NONE',  ( 0.000000000000000000, 0.000000000000000000, 1.000000000000000000 ) ) ;
#250 = AXIS2_PLACEMENT_3D ( 'NONE', #401, #1394, #269 ) ;
#251 = VECTOR ( 'NONE', #1015, 1000.000000000000000 ) ;
#252 = ORIENTED_EDGE ( 'NONE', *, *, #327, .T. ) ;
#253 = CARTESIAN_POINT ( 'NONE',  ( 64.55980000000002406, 3.274999999999999911, -31.59449999999998937 ) ) ;
#254 = AXIS2_PLACEMENT_3D ( 'NONE', #1082, #1577, #96 ) ;
#255 = ORIENTED_EDGE ( 'NONE', *, *, #84, .F. ) ;
#256 = CIRCLE ( 'NONE', #1307, 1.625000000000001332 ) ;
#257 = CARTESIAN_POINT ( 'NONE',  ( 47.50000000000000711, 6.500000000000000000, -27.50000000000000711 ) ) ;
#258 = AXIS2_PLACEMENT_3D ( 'NONE', #1200, #1460, #947 ) ;
#259 = ADVANCED_FACE ( 'NONE', ( #878 ), #106, .T. ) ;
#260 = DIRECTION ( 'NONE',  ( -0.7870887457397083287, 0.000000000000000000, 0.6168397736283651733 ) ) ;
#261 = CARTESIAN_POINT ( 'NONE',  ( 64.55980000000002406, 6.500000000000000000, -31.59449999999998937 ) ) ;
#262 = VERTEX_POINT ( 'NONE', #717 ) ;
#263 = CARTESIAN_POINT ( 'NONE',  ( -66.94019999999996173, 6.500000000000000000, -6.969499999999989370 ) ) ;
#264 = VERTEX_POINT ( 'NONE', #742 ) ;
#265 = LINE ( 'NONE', #996, #468 ) ;
#266 = CARTESIAN_POINT ( 'NONE',  ( -71.84730678118650360, 6.500000000000000000, -12.79289321881345032 ) ) ;
#267 = DIRECTION ( 'NONE',  ( 0.000000000000000000, 1.000000000000000000, 0.000000000000000000 ) ) ;
#268 = EDGE_CURVE ( 'NONE', #1007, #1289, #1246, .T. ) ;
#269 = DIRECTION ( 'NONE',  ( 0.000000000000000000, 0.000000000000000000, -1.000000000000000000 ) ) ;
#270 = FACE_OUTER_BOUND ( 'NONE', #1130, .T. ) ;
#271 = ORIENTED_EDGE ( 'NONE', *, *, #462, .F. ) ;
#272 = CARTESIAN_POINT ( 'NONE',  ( -57.43309321881341134, 6.500000000000000000, 27.20710678118655323 ) ) ;
#273 = EDGE_LOOP ( 'NONE', ( #1037, #816, #102, #1417 ) ) ;
#274 = CARTESIAN_POINT ( 'NONE',  ( 47.15160238850765495, 6.500000000000000000, 27.50000000000000000 ) ) ;
#275 = CARTESIAN_POINT ( 'NONE',  ( 64.55980000000002406, 3.274999999999999911, -31.59449999999998937 ) ) ;
#276 = EDGE_CURVE ( 'NONE', #1132, #945, #1230, .T. ) ;
#277 = ORIENTED_EDGE ( 'NONE', *, *, #692, .T. ) ;
#278 = LINE ( 'NONE', #402, #1251 ) ;
#279 = EDGE_LOOP ( 'NONE', ( #422, #1081, #343 ) ) ;
#280 = CYLINDRICAL_SURFACE ( 'NONE', #1201, 1.000000000000000888 ) ;
#281 = CIRCLE ( 'NONE', #1014, 2.199999999999997957 ) ;
#282 = AXIS2_PLACEMENT_3D ( 'NONE', #93, #1239, #605 ) ;
#283 = EDGE_LOOP ( 'NONE', ( #341, #165 ) ) ;
#284 = CIRCLE ( 'NONE', #1413, 1.000000000000000888 ) ;
#285 = LINE ( 'NONE', #790, #1587 ) ;
#286 = CARTESIAN_POINT ( 'NONE',  ( -71.14019999999996458, 6.500000000000000000, -12.08578643762690064 ) ) ;
#287 = ORIENTED_EDGE ( 'NONE', *, *, #1362, .F. ) ;
#288 = CARTESIAN_POINT ( 'NONE',  ( -72.14019999999997879, 6.500000000000000000, 12.08578643762691129 ) ) ;
#289 = VERTEX_POINT ( 'NONE', #976 ) ;
#290 = DIRECTION ( 'NONE',  ( 0.000000000000000000, 0.000000000000000000, 1.000000000000000000 ) ) ;
#291 = ORIENTED_EDGE ( 'NONE', *, *, #1316, .F. ) ;
#292 = CARTESIAN_POINT ( 'NONE',  ( -66.94019999999996173, 6.500000000000000000, -8.594499999999992923 ) ) ;
#293 = DIRECTION ( 'NONE',  ( 0.000000000000000000, -1.000000000000000000, 0.000000000000000000 ) ) ;
#294 = VERTEX_POINT ( 'NONE', #346 ) ;
#295 = CARTESIAN_POINT ( 'NONE',  ( -72.14019999999996458, 1.000000000000000000, -12.49999999999999289 ) ) ;
#296 = VERTEX_POINT ( 'NONE', #856 ) ;
#297 = CARTESIAN_POINT ( 'NONE',  ( -47.49999999999999289, 6.500000000000000000, -27.49999999999999645 ) ) ;
#298 = ADVANCED_FACE ( 'NONE', ( #1116 ), #1351, .F. ) ;
#299 = VERTEX_POINT ( 'NONE', #240 ) ;
#300 = PLANE ( 'NONE',  #1564 ) ;
#301 = APPLICATION_PROTOCOL_DEFINITION ( 'draft international standard', 'automotive_design', 1998, #840 ) ;
#302 = DIRECTION ( 'NONE',  ( -1.000000000000000000, 0.000000000000000000, 3.469446951953611033E-15 ) ) ;
#303 = PLANE ( 'NONE',  #689 ) ;
#304 = AXIS2_PLACEMENT_3D ( 'NONE', #1198, #447, #302 ) ;
#305 = LINE ( 'NONE', #539, #518 ) ;
#306 = VECTOR ( 'NONE', #1267, 1000.000000000000000 ) ;
#307 = VERTEX_POINT ( 'NONE', #749 ) ;
#308 = AXIS2_PLACEMENT_3D ( 'NONE', #629, #481, #1504 ) ;
#309 = VECTOR ( 'NONE', #1209, 1000.000000000000000 ) ;
#310 = DIRECTION ( 'NONE',  ( -0.000000000000000000, 1.000000000000000000, -0.000000000000000000 ) ) ;
#311 = CARTESIAN_POINT ( 'NONE',  ( 64.55980000000002406, 3.274999999999999911, 31.70550000000000423 ) ) ;
#312 = EDGE_LOOP ( 'NONE', ( #43, #357, #287, #1138 ) ) ;
#313 = VERTEX_POINT ( 'NONE', #224 ) ;
#315 = ADVANCED_FACE ( 'NONE', ( #97 ), #609, .T. ) ;
#314 = CARTESIAN_POINT ( 'NONE',  ( 59.08682513612689036, 1.000000000000000000, 36.68901531373557390 ) ) ;
#316 = DIRECTION ( 'NONE',  ( 0.000000000000000000, -1.000000000000000000, 0.000000000000000000 ) ) ;
#317 = ORIENTED_EDGE ( 'NONE', *, *, #999, .F. ) ;
#318 = DIRECTION ( 'NONE',  ( 0.000000000000000000, 0.000000000000000000, -1.000000000000000000 ) ) ;
#319 = ORIENTED_EDGE ( 'NONE', *, *, #225, .F. ) ;
#320 = DIRECTION ( 'NONE',  ( -0.7071067811865479058, 0.000000000000000000, -0.7071067811865471286 ) ) ;
#321 = LINE ( 'NONE', #461, #148 ) ;
#322 = ORIENTED_EDGE ( 'NONE', *, *, #796, .F. ) ;
#323 = SURFACE_STYLE_FILL_AREA ( #833 ) ;
#324 = EDGE_LOOP ( 'NONE', ( #901, #560, #540, #440 ) ) ;
#325 = LINE ( 'NONE', #208, #200 ) ;
#326 = VECTOR ( 'NONE', #74, 1000.000000000000000 ) ;
#327 = EDGE_CURVE ( 'NONE', #1089, #783, #1035, .T. ) ;
#328 = VECTOR ( 'NONE', #42, 1000.000000000000000 ) ;
#329 = VECTOR ( 'NONE', #1163, 1000.000000000000000 ) ;
#330 = CARTESIAN_POINT ( 'NONE',  ( 64.55980000000002406, 3.274999999999999911, -33.21949999999998937 ) ) ;
#331 = FACE_OUTER_BOUND ( 'NONE', #1247, .T. ) ;
#332 = VECTOR ( 'NONE', #725, 1000.000000000000000 ) ;
#333 = ORIENTED_EDGE ( 'NONE', *, *, #565, .T. ) ;
#334 = CIRCLE ( 'NONE', #737, 2.200000000000000622 ) ;
#335 = CARTESIAN_POINT ( 'NONE',  ( -71.14019999999996458, 1.000000000000000000, -12.08578643762690064 ) ) ;
#336 = VERTEX_POINT ( 'NONE', #1513 ) ;
#337 = DIRECTION ( 'NONE',  ( -3.766021114739338075E-16, 0.000000000000000000, -1.000000000000000000 ) ) ;
#338 = EDGE_CURVE ( 'NONE', #566, #916, #1199, .T. ) ;
#339 = CARTESIAN_POINT ( 'NONE',  ( 64.55980000000002406, 6.500000000000000000, 33.33050000000000779 ) ) ;
#340 = CARTESIAN_POINT ( 'NONE',  ( -66.94019999999996173, 3.274999999999999911, -10.21949999999999648 ) ) ;
#341 = ORIENTED_EDGE ( 'NONE', *, *, #1606, .F. ) ;
#342 = DIRECTION ( 'NONE',  ( -1.000000000000000000, 0.000000000000000000, 0.000000000000000000 ) ) ;
#343 = ORIENTED_EDGE ( 'NONE', *, *, #1477, .F. ) ;
#344 = CARTESIAN_POINT ( 'NONE',  ( 69.75980000000004111, 1.000000000000000000, -36.79449999999999221 ) ) ;
#345 = EDGE_CURVE ( 'NONE', #786, #262, #1381, .T. ) ;
#346 = CARTESIAN_POINT ( 'NONE',  ( -71.14019999999997879, 0.000000000000000000, 12.08578643762691662 ) ) ;
#347 = CARTESIAN_POINT ( 'NONE',  ( 69.75980000000004111, 6.500000000000000000, -35.79449999999999221 ) ) ;
#348 = EDGE_LOOP ( 'NONE', ( #1543, #1022, #776, #1154 ) ) ;
#349 = LINE ( 'NONE', #1377, #1124 ) ;
#350 = EDGE_LOOP ( 'NONE', ( #1399, #611, #942, #1496 ) ) ;
#351 = DIRECTION ( 'NONE',  ( 0.7835153137355657105, -0.000000000000000000, 0.6213724753655074373 ) ) ;
#352 = AXIS2_PLACEMENT_3D ( 'NONE', #931, #1466, #1305 ) ;
#353 = CARTESIAN_POINT ( 'NONE',  ( 59.70819761149239469, 6.500000000000000000, 36.90550000000001063 ) ) ;
#354 = AXIS2_PLACEMENT_3D ( 'NONE', #1184, #164, #51 ) ;
#355 = DIRECTION ( 'NONE',  ( 0.000000000000000000, 0.000000000000000000, 1.000000000000000000 ) ) ;
#356 = AXIS2_PLACEMENT_3D ( 'NONE', #1181, #556, #1055 ) ;
#357 = ORIENTED_EDGE ( 'NONE', *, *, #542, .T. ) ;
#358 = CARTESIAN_POINT ( 'NONE',  ( 47.15160238850765495, 1.000000000000000000, 28.50000000000000355 ) ) ;
#359 = VECTOR ( 'NONE', #1105, 1000.000000000000000 ) ;
#360 = ORIENTED_EDGE ( 'NONE', *, *, #1139, .F. ) ;
#361 = FACE_OUTER_BOUND ( 'NONE', #1425, .T. ) ;
#362 = DIRECTION ( 'NONE',  ( -7.304098846218136886E-17, 0.000000000000000000, -1.000000000000000000 ) ) ;
#363 = DIRECTION ( 'NONE',  ( -0.7071067811865466846, 0.000000000000000000, 0.7071067811865484609 ) ) ;
#364 = EDGE_CURVE ( 'NONE', #238, #1010, #1005, .T. ) ;
#365 = VERTEX_POINT ( 'NONE', #633 ) ;
#366 = CARTESIAN_POINT ( 'NONE',  ( 0.000000000000000000, 0.000000000000000000, 0.000000000000000000 ) ) ;
#367 = EDGE_LOOP ( 'NONE', ( #77, #1052, #1526, #659 ) ) ;
#368 = DIRECTION ( 'NONE',  ( 0.6168397736283645072, 0.000000000000000000, 0.7870887457397088838 ) ) ;
#369 = CARTESIAN_POINT ( 'NONE',  ( 64.55980000000002406, 6.500000000000000000, 29.50550000000000850 ) ) ;
#370 = CARTESIAN_POINT ( 'NONE',  ( -66.94019999999996173, 3.274999999999999911, -6.394499999999994522 ) ) ;
#371 = VERTEX_POINT ( 'NONE', #137 ) ;
#372 = PLANE ( 'NONE',  #575 ) ;
#373 = EDGE_CURVE ( 'NONE', #76, #196, #683, .T. ) ;
#374 = ORIENTED_EDGE ( 'NONE', *, *, #1060, .F. ) ;
#375 = DIRECTION ( 'NONE',  ( -1.000000000000000000, 0.000000000000000000, 0.000000000000000000 ) ) ;
#376 = EDGE_CURVE ( 'NONE', #1593, #62, #1043, .T. ) ;
#377 = ADVANCED_FACE ( 'NONE', ( #420 ), #1410, .T. ) ;
#378 = DIRECTION ( 'NONE',  ( -0.000000000000000000, 1.000000000000000000, -0.000000000000000000 ) ) ;
#379 = CARTESIAN_POINT ( 'NONE',  ( -72.14019999999997879, 6.500000000000000000, 12.08578643762691129 ) ) ;
#380 = AXIS2_PLACEMENT_3D ( 'NONE', #1287, #247, #526 ) ;
#381 = VERTEX_POINT ( 'NONE', #1 ) ;
#382 = CARTESIAN_POINT ( 'NONE',  ( -56.72598643762686521, 1.000000000000000000, 27.50000000000000711 ) ) ;
#383 = CIRCLE ( 'NONE', #1279, 0.9999999999999976685 ) ;
#384 = ORIENTED_EDGE ( 'NONE', *, *, #1427, .T. ) ;
#385 = CIRCLE ( 'NONE', #549, 2.200000000000000622 ) ;
#386 = FACE_OUTER_BOUND ( 'NONE', #350, .T. ) ;
#387 = AXIS2_PLACEMENT_3D ( 'NONE', #1599, #977, #610 ) ;
#388 = EDGE_CURVE ( 'NONE', #1191, #664, #285, .T. ) ;
#389 = CIRCLE ( 'NONE', #419, 1.000000000000000888 ) ;
#390 = DIRECTION ( 'NONE',  ( -0.000000000000000000, -1.000000000000000000, 0.000000000000000000 ) ) ;
#391 = DIRECTION ( 'NONE',  ( 0.000000000000000000, 0.000000000000000000, 1.000000000000000000 ) ) ;
#392 = EDGE_CURVE ( 'NONE', #1086, #299, #886, .T. ) ;
#393 = ORIENTED_EDGE ( 'NONE', *, *, #1555, .F. ) ;
#394 = LINE ( 'NONE', #431, #1462 ) ;
#395 = ORIENTED_EDGE ( 'NONE', *, *, #130, .T. ) ;
#396 = DIRECTION ( 'NONE',  ( 0.000000000000000000, -1.000000000000000000, 0.000000000000000000 ) ) ;
#397 = ORIENTED_EDGE ( 'NONE', *, *, #932, .F. ) ;
#398 = ADVANCED_FACE ( 'NONE', ( #1538 ), #1374, .F. ) ;
#399 = CARTESIAN_POINT ( 'NONE',  ( -56.72598643762686521, 1.000000000000000000, 26.50000000000000711 ) ) ;
#400 = DIRECTION ( 'NONE',  ( 0.000000000000000000, 1.000000000000000000, 0.000000000000000000 ) ) ;
#401 = CARTESIAN_POINT ( 'NONE',  ( -71.14019999999997879, 6.500000000000000000, 12.08578643762691307 ) ) ;
#402 = CARTESIAN_POINT ( 'NONE',  ( -71.14019999999996458, 0.000000000000000000, -3.949074400821926415E-14 ) ) ;
#403 = EDGE_CURVE ( 'NONE', #721, #746, #1253, .T. ) ;
#404 = VERTEX_POINT ( 'NONE', #124 ) ;
#405 = DIRECTION ( 'NONE',  ( 0.000000000000000000, 0.000000000000000000, 1.000000000000000000 ) ) ;
#406 = ORIENTED_EDGE ( 'NONE', *, *, #921, .F. ) ;
#407 = CARTESIAN_POINT ( 'NONE',  ( 59.35980000000004253, 1.000000000000000000, -36.79449999999999221 ) ) ;
#408 = DIRECTION ( 'NONE',  ( 0.000000000000000000, 0.000000000000000000, 1.000000000000000000 ) ) ;
#409 = ORIENTED_EDGE ( 'NONE', *, *, #1056, .T. ) ;
#410 = VECTOR ( 'NONE', #1623, 1000.000000000000000 ) ;
#411 = LINE ( 'NONE', #295, #329 ) ;
#412 = AXIS2_PLACEMENT_3D ( 'NONE', #912, #390, #1260 ) ;
#413 = EDGE_LOOP ( 'NONE', ( #498, #1059, #1423 ) ) ;
#414 = FACE_OUTER_BOUND ( 'NONE', #512, .T. ) ;
#415 = VECTOR ( 'NONE', #6, 1000.000000000000000 ) ;
#416 = AXIS2_PLACEMENT_3D ( 'NONE', #366, #1001, #1119 ) ;
#417 = ORIENTED_EDGE ( 'NONE', *, *, #745, .F. ) ;
#418 = CIRCLE ( 'NONE', #1444, 1.000000000000000888 ) ;
#419 = AXIS2_PLACEMENT_3D ( 'NONE', #286, #896, #773 ) ;
#420 = FACE_OUTER_BOUND ( 'NONE', #1256, .T. ) ;
#421 = DIRECTION ( 'NONE',  ( 0.000000000000000000, 0.000000000000000000, -1.000000000000000000 ) ) ;
#422 = ORIENTED_EDGE ( 'NONE', *, *, #246, .T. ) ;
#423 = FACE_OUTER_BOUND ( 'NONE', #1616, .T. ) ;
#424 = EDGE_CURVE ( 'NONE', #62, #664, #507, .T. ) ;
#425 = VERTEX_POINT ( 'NONE', #1385 ) ;
#426 = CARTESIAN_POINT ( 'NONE',  ( 68.75980000000004111, 1.000000000000000000, -35.79449999999999221 ) ) ;
#427 = ORIENTED_EDGE ( 'NONE', *, *, #1024, .F. ) ;
#428 = EDGE_CURVE ( 'NONE', #50, #196, #649, .T. ) ;
#429 = DIRECTION ( 'NONE',  ( 0.000000000000000000, 1.000000000000000000, 0.000000000000000000 ) ) ;
#430 = FACE_OUTER_BOUND ( 'NONE', #348, .T. ) ;
#431 = CARTESIAN_POINT ( 'NONE',  ( 0.000000000000000000, 0.000000000000000000, -35.79449999999999221 ) ) ;
#432 = ORIENTED_EDGE ( 'NONE', *, *, #364, .F. ) ;
#433 = DIRECTION ( 'NONE',  ( -0.000000000000000000, -1.000000000000000000, -0.000000000000000000 ) ) ;
#434 = EDGE_CURVE ( 'NONE', #242, #570, #20, .T. ) ;
#435 = EDGE_LOOP ( 'NONE', ( #99, #1065, #108, #984 ) ) ;
#436 = APPLICATION_PROTOCOL_DEFINITION ( 'draft international standard', 'automotive_design', 1998, #1447 ) ;
#437 = LINE ( 'NONE', #1067, #113 ) ;
#438 = CARTESIAN_POINT ( 'NONE',  ( 64.55980000000002406, 0.000000000000000000, -33.79449999999999221 ) ) ;
#439 = CIRCLE ( 'NONE', #304, 1.000000000000000888 ) ;
#440 = ORIENTED_EDGE ( 'NONE', *, *, #491, .T. ) ;
#441 = SPHERICAL_SURFACE ( 'NONE', #1073, 1.000000000000000000 ) ;
#442 = AXIS2_PLACEMENT_3D ( 'NONE', #895, #1152, #756 ) ;
#443 = ORIENTED_EDGE ( 'NONE', *, *, #1498, .T. ) ;
#444 = AXIS2_PLACEMENT_3D ( 'NONE', #1147, #1610, #871 ) ;
#445 = AXIS2_PLACEMENT_3D ( 'NONE', #358, #496, #869 ) ;
#446 = EDGE_CURVE ( 'NONE', #365, #193, #765, .T. ) ;
#447 = DIRECTION ( 'NONE',  ( 3.469446951953610639E-15, 0.000000000000000000, 1.000000000000000000 ) ) ;
#448 = CARTESIAN_POINT ( 'NONE',  ( 47.77297486387316638, 6.500000000000000000, 27.71648468626443318 ) ) ;
#449 = EDGE_LOOP ( 'NONE', ( #531, #1600, #505 ) ) ;
#450 = CARTESIAN_POINT ( 'NONE',  ( 59.35980000000004253, 6.500000000000000000, 36.90550000000001063 ) ) ;
#451 = ORIENTED_EDGE ( 'NONE', *, *, #428, .F. ) ;
#452 = EDGE_CURVE ( 'NONE', #1289, #907, #599, .T. ) ;
#453 = CARTESIAN_POINT ( 'NONE',  ( 69.75980000000004111, 6.500000000000000000, -36.79449999999999221 ) ) ;
#454 = DIRECTION ( 'NONE',  ( 0.000000000000000000, 1.000000000000000000, 0.000000000000000000 ) ) ;
#455 = EDGE_CURVE ( 'NONE', #463, #296, #88, .T. ) ;
#456 = ORIENTED_EDGE ( 'NONE', *, *, #745, .T. ) ;
#457 = CARTESIAN_POINT ( 'NONE',  ( -66.94019999999996173, 3.274999999999999911, -6.969499999999989370 ) ) ;
#458 = ORIENTED_EDGE ( 'NONE', *, *, #608, .T. ) ;
#459 = DIRECTION ( 'NONE',  ( -1.000000000000000000, 6.938893903907227589E-15, 0.000000000000000000 ) ) ;
#460 = DIRECTION ( 'NONE',  ( 0.6213724753655074373, 0.000000000000000000, -0.7835153137355657105 ) ) ;
#461 = CARTESIAN_POINT ( 'NONE',  ( 59.35980000000004253, 1.000000000000000000, 36.90550000000001063 ) ) ;
#462 = EDGE_CURVE ( 'NONE', #196, #404, #28, .T. ) ;
#463 = VERTEX_POINT ( 'NONE', #1597 ) ;
#464 = DIRECTION ( 'NONE',  ( -0.000000000000000000, 1.000000000000000000, -0.000000000000000000 ) ) ;
#465 = ORIENTED_EDGE ( 'NONE', *, *, #1214, .F. ) ;
#466 = DIRECTION ( 'NONE',  ( 0.000000000000000000, -0.000000000000000000, 1.000000000000000000 ) ) ;
#467 = AXIS2_PLACEMENT_3D ( 'NONE', #1111, #1243, #1605 ) ;
#468 = VECTOR ( 'NONE', #883, 1000.000000000000000 ) ;
#469 = STYLED_ITEM ( 'NONE', ( #701 ), #860 ) ;
#470 = LINE ( 'NONE', #969, #1480 ) ;
#471 = DIRECTION ( 'NONE',  ( 0.000000000000000000, 0.000000000000000000, 1.000000000000000000 ) ) ;
#472 = CIRCLE ( 'NONE', #1280, 1.625000000000001332 ) ;
#473 = ORIENTED_EDGE ( 'NONE', *, *, #1561, .T. ) ;
#474 = SURFACE_STYLE_USAGE ( .BOTH. , #70 ) ;
#475 = EDGE_CURVE ( 'NONE', #1324, #1331, #1421, .T. ) ;
#476 = VERTEX_POINT ( 'NONE', #1090 ) ;
#477 = CARTESIAN_POINT ( 'NONE',  ( 64.55980000000002406, 3.274999999999999911, 31.70550000000000423 ) ) ;
#478 = EDGE_CURVE ( 'NONE', #365, #381, #12, .T. ) ;
#479 = DIRECTION ( 'NONE',  ( 3.766021114739338075E-16, -0.000000000000000000, 1.000000000000000000 ) ) ;
#480 = CYLINDRICAL_SURFACE ( 'NONE', #604, 1.000000000000000888 ) ;
#481 = DIRECTION ( 'NONE',  ( 0.000000000000000000, 1.000000000000000000, 0.000000000000000000 ) ) ;
#482 = ORIENTED_EDGE ( 'NONE', *, *, #392, .F. ) ;
#483 = CARTESIAN_POINT ( 'NONE',  ( 59.70496460086212664, 1.000000000000000000, -35.79449999999999221 ) ) ;
#484 = DIRECTION ( 'NONE',  ( -5.551115123125782702E-16, 0.000000000000000000, 1.000000000000000000 ) ) ;
#485 = CARTESIAN_POINT ( 'NONE',  ( -56.72598643762686521, 1.000000000000000000, 26.50000000000000711 ) ) ;
#486 = EDGE_LOOP ( 'NONE', ( #948, #631, #1146, #204 ) ) ;
#487 = CYLINDRICAL_SURFACE ( 'NONE', #918, 2.200000000000000622 ) ;
#488 = ORIENTED_EDGE ( 'NONE', *, *, #1337, .F. ) ;
#489 = CARTESIAN_POINT ( 'NONE',  ( 59.70496460086212664, 1.000000000000000000, -35.79449999999998511 ) ) ;
#490 = AXIS2_PLACEMENT_3D ( 'NONE', #866, #500, #997 ) ;
#491 = EDGE_CURVE ( 'NONE', #1174, #919, #143, .T. ) ;
#492 = CARTESIAN_POINT ( 'NONE',  ( 47.50000000000000711, 6.500000000000000000, 27.50000000000000000 ) ) ;
#493 = AXIS2_PLACEMENT_3D ( 'NONE', #1203, #960, #595 ) ;
#494 = DIRECTION ( 'NONE',  ( 0.7071067811865475727, 0.000000000000000000, 0.7071067811865475727 ) ) ;
#495 = AXIS2_PLACEMENT_3D ( 'NONE', #1490, #1355, #229 ) ;
#496 = DIRECTION ( 'NONE',  ( 0.000000000000000000, 1.000000000000000000, 0.000000000000000000 ) ) ;
#497 = CIRCLE ( 'NONE', #841, 2.200000000000000622 ) ;
#498 = ORIENTED_EDGE ( 'NONE', *, *, #79, .T. ) ;
#499 = DIRECTION ( 'NONE',  ( 1.095614826932720471E-16, -0.000000000000000000, 1.000000000000000000 ) ) ;
#501 = ADVANCED_FACE ( 'NONE', ( #1175 ), #300, .F. ) ;
#500 = DIRECTION ( 'NONE',  ( 0.000000000000000000, -1.000000000000000000, 0.000000000000000000 ) ) ;
#502 = FACE_OUTER_BOUND ( 'NONE', #1226, .T. ) ;
#503 = ADVANCED_FACE ( 'NONE', ( #923 ), #78, .F. ) ;
#504 = PLANE ( 'NONE',  #416 ) ;
#505 = ORIENTED_EDGE ( 'NONE', *, *, #101, .F. ) ;
#506 = FACE_OUTER_BOUND ( 'NONE', #273, .T. ) ;
#507 = LINE ( 'NONE', #266, #835 ) ;
#508 = CARTESIAN_POINT ( 'NONE',  ( -41.61299321881340774, 0.000000000000000000, 41.61299321881345037 ) ) ;
#509 = ORIENTED_EDGE ( 'NONE', *, *, #1579, .F. ) ;
#510 = DIRECTION ( 'NONE',  ( 0.000000000000000000, 0.000000000000000000, 1.000000000000000000 ) ) ;
#511 = ADVANCED_FACE ( 'NONE', ( #197, #731 ), #1053, .F. ) ;
#512 = EDGE_LOOP ( 'NONE', ( #670, #696, #971, #874 ) ) ;
#513 = DIRECTION ( 'NONE',  ( 0.6213724753655073263, 0.000000000000000000, -0.7835153137355655995 ) ) ;
#514 = AXIS2_PLACEMENT_3D ( 'NONE', #1478, #735, #1346 ) ;
#515 = DIRECTION ( 'NONE',  ( 0.7071067811865457964, 0.000000000000000000, -0.7071067811865492381 ) ) ;
#516 = DIRECTION ( 'NONE',  ( 1.000000000000000000, 0.000000000000000000, -7.304098846218136886E-17 ) ) ;
#517 = VECTOR ( 'NONE', #260, 999.9999999999998863 ) ;
#518 = VECTOR ( 'NONE', #1301, 1000.000000000000000 ) ;
#519 = CARTESIAN_POINT ( 'NONE',  ( 69.75980000000004111, 1.000000000000000000, -35.79449999999999221 ) ) ;
#520 = CARTESIAN_POINT ( 'NONE',  ( 68.75980000000004111, 0.000000000000000000, -35.79449999999999221 ) ) ;
#521 = EDGE_LOOP ( 'NONE', ( #1186, #182, #1397, #451 ) ) ;
#522 = AXIS2_PLACEMENT_3D ( 'NONE', #1329, #1188, #1216 ) ;
#523 = FACE_OUTER_BOUND ( 'NONE', #236, .T. ) ;
#524 = EDGE_CURVE ( 'NONE', #425, #27, #956, .T. ) ;
#525 = CIRCLE ( 'NONE', #1156, 1.625000000000004885 ) ;
#526 = DIRECTION ( 'NONE',  ( -0.7071067811865388020, 0.000000000000000000, -0.7071067811865561215 ) ) ;
#527 = EDGE_CURVE ( 'NONE', #916, #1174, #167, .T. ) ;
#528 = DIRECTION ( 'NONE',  ( 0.000000000000000000, 0.000000000000000000, 1.000000000000000000 ) ) ;
#529 = ORIENTED_EDGE ( 'NONE', *, *, #834, .F. ) ;
#530 = DIRECTION ( 'NONE',  ( 0.000000000000000000, 0.000000000000000000, -1.000000000000000000 ) ) ;
#531 = ORIENTED_EDGE ( 'NONE', *, *, #376, .T. ) ;
#532 = DIRECTION ( 'NONE',  ( 0.000000000000000000, 0.000000000000000000, -1.000000000000000000 ) ) ;
#533 = ORIENTED_EDGE ( 'NONE', *, *, #951, .F. ) ;
#534 = DIRECTION ( 'NONE',  ( -0.000000000000000000, 1.000000000000000000, -0.000000000000000000 ) ) ;
#535 = DIRECTION ( 'NONE',  ( -0.7071067811865479058, 0.000000000000000000, -0.7071067811865471286 ) ) ;
#536 = ORIENTED_EDGE ( 'NONE', *, *, #921, .T. ) ;
#537 = DIRECTION ( 'NONE',  ( -1.387778780781444413E-14, 0.000000000000000000, -1.000000000000000000 ) ) ;
#538 = ORIENTED_EDGE ( 'NONE', *, *, #1508, .T. ) ;
#539 = CARTESIAN_POINT ( 'NONE',  ( 0.000000000000000000, 0.000000000000000000, 35.90550000000000352 ) ) ;
#540 = ORIENTED_EDGE ( 'NONE', *, *, #527, .T. ) ;
#541 = DIRECTION ( 'NONE',  ( 0.000000000000000000, 0.000000000000000000, -1.000000000000000000 ) ) ;
#542 = EDGE_CURVE ( 'NONE', #1331, #1089, #44, .T. ) ;
#543 = FACE_BOUND ( 'NONE', #953, .T. ) ;
#544 = SPHERICAL_SURFACE ( 'NONE', #1357, 1.000000000000000000 ) ;
#545 = EDGE_LOOP ( 'NONE', ( #880, #955, #1049, #1376 ) ) ;
#546 = LINE ( 'NONE', #25, #837 ) ;
#547 = ADVANCED_FACE ( 'NONE', ( #1100 ), #806, .T. ) ;
#548 = VECTOR ( 'NONE', #396, 1000.000000000000000 ) ;
#549 = AXIS2_PLACEMENT_3D ( 'NONE', #681, #1155, #49 ) ;
#550 = ORIENTED_EDGE ( 'NONE', *, *, #524, .T. ) ;
#551 = CIRCLE ( 'NONE', #576, 1.000000000000000888 ) ;
#552 = AXIS2_PLACEMENT_3D ( 'NONE', #824, #577, #177 ) ;
#553 = DIRECTION ( 'NONE',  ( -1.000000000000000000, 0.000000000000000000, 3.766021114739338075E-16 ) ) ;
#554 = ADVANCED_FACE ( 'NONE', ( #722 ), #1471, .T. ) ;
#555 = CARTESIAN_POINT ( 'NONE',  ( 47.15483539913793010, 1.000000000000000000, -27.50000000000000711 ) ) ;
#556 = DIRECTION ( 'NONE',  ( -0.000000000000000000, -1.000000000000000000, -0.000000000000000000 ) ) ;
#557 = ORIENTED_EDGE ( 'NONE', *, *, #1107, .T. ) ;
#558 = DIRECTION ( 'NONE',  ( 0.000000000000000000, 3.469446951953613794E-15, 1.000000000000000000 ) ) ;
#559 = EDGE_CURVE ( 'NONE', #945, #425, #90, .T. ) ;
#560 = ORIENTED_EDGE ( 'NONE', *, *, #209, .F. ) ;
#561 = DIRECTION ( 'NONE',  ( 0.000000000000000000, -1.000000000000000000, -0.000000000000000000 ) ) ;
#562 = CARTESIAN_POINT ( 'NONE',  ( 68.75980000000006953, 6.500000000000000000, 35.90549999999999642 ) ) ;
#563 = ORIENTED_EDGE ( 'NONE', *, *, #1316, .T. ) ;
#564 = CARTESIAN_POINT ( 'NONE',  ( -57.14019999999995747, 6.500000000000000000, 27.50000000000000355 ) ) ;
#565 = EDGE_CURVE ( 'NONE', #945, #1547, #1461, .T. ) ;
#566 = VERTEX_POINT ( 'NONE', #964 ) ;
#567 = LINE ( 'NONE', #453, #1148 ) ;
#568 = DIRECTION ( 'NONE',  ( 1.000000000000000000, -0.000000000000000000, 5.551115123125783688E-16 ) ) ;
#569 = VECTOR ( 'NONE', #1091, 1000.000000000000000 ) ;
#570 = VERTEX_POINT ( 'NONE', #584 ) ;
#571 = CARTESIAN_POINT ( 'NONE',  ( -56.72598643762686521, 6.500000000000000000, -27.49999999999999645 ) ) ;
#572 = VECTOR ( 'NONE', #1551, 1000.000000000000000 ) ;
#573 = EDGE_CURVE ( 'NONE', #425, #1547, #1409, .T. ) ;
#574 = EDGE_LOOP ( 'NONE', ( #1162, #829, #1350, #1118 ) ) ;
#575 = AXIS2_PLACEMENT_3D ( 'NONE', #1608, #728, #1224 ) ;
#576 = AXIS2_PLACEMENT_3D ( 'NONE', #226, #625, #1495 ) ;
#577 = DIRECTION ( 'NONE',  ( 0.000000000000000000, 0.000000000000000000, 1.000000000000000000 ) ) ;
#578 = EDGE_CURVE ( 'NONE', #476, #262, #15, .T. ) ;
#579 = CARTESIAN_POINT ( 'NONE',  ( -41.61299321881342905, 0.000000000000000000, -41.61299321881342905 ) ) ;
#580 = FACE_OUTER_BOUND ( 'NONE', #1443, .T. ) ;
#581 = ORIENTED_EDGE ( 'NONE', *, *, #338, .F. ) ;
#582 =( NAMED_UNIT ( * ) PLANE_ANGLE_UNIT ( ) SI_UNIT ( $, .RADIAN. ) );
#583 = ORIENTED_EDGE ( 'NONE', *, *, #478, .F. ) ;
#584 = CARTESIAN_POINT ( 'NONE',  ( 68.75980000000006953, 6.500000000000000000, 36.90550000000001063 ) ) ;
#585 = CARTESIAN_POINT ( 'NONE',  ( -56.72598643762686521, 1.000000000000000000, -26.49999999999999645 ) ) ;
#586 = DIRECTION ( 'NONE',  ( 0.000000000000000000, 1.000000000000000000, 0.000000000000000000 ) ) ;
#587 = ORIENTED_EDGE ( 'NONE', *, *, #178, .T. ) ;
#588 = DIRECTION ( 'NONE',  ( 0.000000000000000000, 0.000000000000000000, 1.000000000000000000 ) ) ;
#589 = ORIENTED_EDGE ( 'NONE', *, *, #1088, .F. ) ;
#590 = DIRECTION ( 'NONE',  ( 0.000000000000000000, -1.000000000000000000, 0.000000000000000000 ) ) ;
#592 = EDGE_CURVE ( 'NONE', #221, #1289, #325, .T. ) ;
#591 = CARTESIAN_POINT ( 'NONE',  ( -71.84730678118651781, 1.000000000000000000, 12.79289321881346098 ) ) ;
#593 = FACE_BOUND ( 'NONE', #1433, .T. ) ;
#594 = ORIENTED_EDGE ( 'NONE', *, *, #1234, .T. ) ;
#595 = DIRECTION ( 'NONE',  ( 0.000000000000000000, 0.000000000000000000, 1.000000000000000000 ) ) ;
#596 = VECTOR ( 'NONE', #1552, 1000.000000000000000 ) ;
#597 = ORIENTED_EDGE ( 'NONE', *, *, #1371, .F. ) ;
#598 = CARTESIAN_POINT ( 'NONE',  ( -66.94019999999996173, 3.274999999999999911, -6.969499999999989370 ) ) ;
#599 = CIRCLE ( 'NONE', #1505, 0.9999999999999988898 ) ;
#600 = AXIS2_PLACEMENT_3D ( 'NONE', #257, #763, #639 ) ;
#601 = AXIS2_PLACEMENT_3D ( 'NONE', #792, #1395, #537 ) ;
#602 = DIRECTION ( 'NONE',  ( 0.000000000000000000, 5.204170427930426016E-15, -1.000000000000000000 ) ) ;
#603 = CARTESIAN_POINT ( 'NONE',  ( 5.572792375080878990, 0.000000000000000000, -7.026973899312569216 ) ) ;
#604 = AXIS2_PLACEMENT_3D ( 'NONE', #1473, #879, #1613 ) ;
#605 = DIRECTION ( 'NONE',  ( 0.000000000000000000, 0.000000000000000000, -1.000000000000000000 ) ) ;
#606 = EDGE_LOOP ( 'NONE', ( #1235, #643, #1157, #393 ) ) ;
#607 = DIRECTION ( 'NONE',  ( 3.766021114739338075E-16, 0.000000000000000000, 1.000000000000000000 ) ) ;
#608 = EDGE_CURVE ( 'NONE', #847, #751, #887, .T. ) ;
#609 = CYLINDRICAL_SURFACE ( 'NONE', #467, 1.000000000000000888 ) ;
#610 = DIRECTION ( 'NONE',  ( 0.000000000000000000, 0.000000000000000000, 1.000000000000000000 ) ) ;
#611 = ORIENTED_EDGE ( 'NONE', *, *, #524, .F. ) ;
#612 = ORIENTED_EDGE ( 'NONE', *, *, #434, .T. ) ;
#613 = CARTESIAN_POINT ( 'NONE',  ( 68.75980000000004111, 6.500000000000000000, -35.79449999999999221 ) ) ;
#614 = EDGE_CURVE ( 'NONE', #1086, #231, #1330, .T. ) ;
#615 = CARTESIAN_POINT ( 'NONE',  ( -56.72598643762686521, 1.000000000000000000, 26.50000000000000711 ) ) ;
#616 = DIRECTION ( 'NONE',  ( 0.000000000000000000, 1.000000000000000000, 0.000000000000000000 ) ) ;
#617 = ORIENTED_EDGE ( 'NONE', *, *, #455, .T. ) ;
#618 = CARTESIAN_POINT ( 'NONE',  ( 64.55980000000002406, 3.274999999999999911, -31.59449999999998937 ) ) ;
#619 = VERTEX_POINT ( 'NONE', #111 ) ;
#620 = DIRECTION ( 'NONE',  ( 0.000000000000000000, 1.000000000000000000, 0.000000000000000000 ) ) ;
#621 = ADVANCED_FACE ( 'NONE', ( #361 ), #632, .F. ) ;
#622 = AXIS2_PLACEMENT_3D ( 'NONE', #703, #561, #1440 ) ;
#623 = DIRECTION ( 'NONE',  ( 0.000000000000000000, 1.000000000000000000, 0.000000000000000000 ) ) ;
#624 = AXIS2_PLACEMENT_3D ( 'NONE', #1011, #620, #239 ) ;
#625 = DIRECTION ( 'NONE',  ( 0.000000000000000000, 1.000000000000000000, 0.000000000000000000 ) ) ;
#626 = ADVANCED_FACE ( 'NONE', ( #386 ), #1236, .T. ) ;
#627 = CIRCLE ( 'NONE', #839, 1.000000000000000888 ) ;
#628 = ORIENTED_EDGE ( 'NONE', *, *, #1437, .T. ) ;
#629 = CARTESIAN_POINT ( 'NONE',  ( 59.70819761149239469, 6.500000000000000000, 35.90550000000000352 ) ) ;
#630 = CIRCLE ( 'NONE', #1153, 1.000000000000000888 ) ;
#631 = ORIENTED_EDGE ( 'NONE', *, *, #327, .F. ) ;
#632 = PLANE ( 'NONE',  #1123 ) ;
#633 = CARTESIAN_POINT ( 'NONE',  ( 64.55980000000002406, 3.274999999999999911, 33.33050000000000779 ) ) ;
#634 = CARTESIAN_POINT ( 'NONE',  ( 59.35980000000004253, 6.500000000000000000, -36.79449999999999221 ) ) ;
#635 = EDGE_CURVE ( 'NONE', #289, #76, #265, .T. ) ;
#636 = EDGE_LOOP ( 'NONE', ( #1291, #1276, #85, #1457 ) ) ;
#637 = CYLINDRICAL_SURFACE ( 'NONE', #495, 2.199999999999998845 ) ;
#638 = EDGE_LOOP ( 'NONE', ( #1379, #1356, #1205, #135 ) ) ;
#639 = DIRECTION ( 'NONE',  ( 0.7870887457397083287, 0.000000000000000000, -0.6168397736283651733 ) ) ;
#640 = DIRECTION ( 'NONE',  ( 0.000000000000000000, 1.000000000000000000, 0.000000000000000000 ) ) ;
#641 = DIRECTION ( 'NONE',  ( 0.000000000000000000, 0.000000000000000000, 1.000000000000000000 ) ) ;
#642 = EDGE_CURVE ( 'NONE', #50, #1010, #686, .T. ) ;
#643 = ORIENTED_EDGE ( 'NONE', *, *, #723, .F. ) ;
#644 = LINE ( 'NONE', #1170, #966 ) ;
#645 = ORIENTED_EDGE ( 'NONE', *, *, #961, .F. ) ;
#646 = PLANE ( 'NONE',  #444 ) ;
#647 = ADVANCED_FACE ( 'NONE', ( #506 ), #103, .T. ) ;
#648 = VERTEX_POINT ( 'NONE', #1266 ) ;
#649 = LINE ( 'NONE', #902, #517 ) ;
#650 = DIRECTION ( 'NONE',  ( 0.000000000000000000, -0.000000000000000000, 1.000000000000000000 ) ) ;
#651 = AXIS2_PLACEMENT_3D ( 'NONE', #292, #45, #1344 ) ;
#652 = CIRCLE ( 'NONE', #1565, 2.200000000000000622 ) ;
#653 = PLANE ( 'NONE',  #1378 ) ;
#654 = DIRECTION ( 'NONE',  ( 0.000000000000000000, -1.000000000000000000, 0.000000000000000000 ) ) ;
#655 = VECTOR ( 'NONE', #57, 1000.000000000000114 ) ;
#656 = ORIENTED_EDGE ( 'NONE', *, *, #1004, .F. ) ;
#657 = CIRCLE ( 'NONE', #1569, 1.000000000000000888 ) ;
#658 = CYLINDRICAL_SURFACE ( 'NONE', #65, 2.199999999999997069 ) ;
#659 = ORIENTED_EDGE ( 'NONE', *, *, #1591, .F. ) ;
#660 = CARTESIAN_POINT ( 'NONE',  ( 64.55980000000002406, 6.500000000000000000, 33.90550000000000352 ) ) ;
#661 =( NAMED_UNIT ( * ) PLANE_ANGLE_UNIT ( ) SI_UNIT ( $, .RADIAN. ) );
#662 = ORIENTED_EDGE ( 'NONE', *, *, #755, .T. ) ;
#663 = CARTESIAN_POINT ( 'NONE',  ( 64.55980000000002406, 3.274999999999999911, -29.96949999999998582 ) ) ;
#664 = VERTEX_POINT ( 'NONE', #1621 ) ;
#665 = CARTESIAN_POINT ( 'NONE',  ( 64.55980000000002406, 0.000000000000000000, 33.90550000000000352 ) ) ;
#666 = EDGE_CURVE ( 'NONE', #307, #1593, #877, .T. ) ;
#667 = EDGE_LOOP ( 'NONE', ( #563, #594, #1071, #1045 ) ) ;
#668 = CARTESIAN_POINT ( 'NONE',  ( 47.15483539913793010, 1.000000000000000000, -28.50000000000000711 ) ) ;
#669 = CARTESIAN_POINT ( 'NONE',  ( 64.55980000000002406, 3.274999999999999911, -31.59449999999998937 ) ) ;
#670 = ORIENTED_EDGE ( 'NONE', *, *, #199, .T. ) ;
#671 = CARTESIAN_POINT ( 'NONE',  ( 47.15160238850765495, 1.000000000000000000, 27.50000000000000000 ) ) ;
#672 = ORIENTED_EDGE ( 'NONE', *, *, #232, .F. ) ;
#673 = CARTESIAN_POINT ( 'NONE',  ( 64.55980000000002406, 3.274999999999999911, 31.70550000000000423 ) ) ;
#674 = ORIENTED_EDGE ( 'NONE', *, *, #104, .T. ) ;
#675 = CARTESIAN_POINT ( 'NONE',  ( 47.77297486387316638, 0.000000000000000000, 27.71648468626443673 ) ) ;
#676 = CARTESIAN_POINT ( 'NONE',  ( 59.70819761149239469, 1.000000000000000000, 36.90550000000001063 ) ) ;
#677 = ADVANCED_FACE ( 'NONE', ( #136 ), #646, .F. ) ;
#678 = AXIS2_PLACEMENT_3D ( 'NONE', #9, #39, #925 ) ;
#679 = DIRECTION ( 'NONE',  ( 0.000000000000000000, 0.000000000000000000, -1.000000000000000000 ) ) ;
#680 = VECTOR ( 'NONE', #808, 1000.000000000000114 ) ;
#681 = CARTESIAN_POINT ( 'NONE',  ( 64.55980000000002406, 3.274999999999999911, 31.70550000000000423 ) ) ;
#682 = EDGE_CURVE ( 'NONE', #1302, #50, #1382, .T. ) ;
#683 = CIRCLE ( 'NONE', #114, 1.000000000000000888 ) ;
#684 = EDGE_LOOP ( 'NONE', ( #1452, #509 ) ) ;
#685 = CARTESIAN_POINT ( 'NONE',  ( 1.935586194247806392E-15, 0.000000000000000000, 26.50000000000000355 ) ) ;
#686 = CIRCLE ( 'NONE', #811, 1.000000000000000888 ) ;
#687 = AXIS2_PLACEMENT_3D ( 'NONE', #32, #1144, #1282 ) ;
#688 = VERTEX_POINT ( 'NONE', #1003 ) ;
#689 = AXIS2_PLACEMENT_3D ( 'NONE', #940, #54, #711 ) ;
#690 = SHAPE_DEFINITION_REPRESENTATION ( #1173, #105 ) ;
#692 = EDGE_CURVE ( 'NONE', #296, #463, #281, .T. ) ;
#691 = DIRECTION ( 'NONE',  ( 1.000000000000000000, 0.000000000000000000, 0.000000000000000000 ) ) ;
#693 = DIRECTION ( 'NONE',  ( 0.000000000000000000, 0.000000000000000000, 1.000000000000000000 ) ) ;
#694 = EDGE_LOOP ( 'NONE', ( #949, #876, #397, #31 ) ) ;
#695 = DIRECTION ( 'NONE',  ( 0.000000000000000000, 1.000000000000000000, 0.000000000000000000 ) ) ;
#696 = ORIENTED_EDGE ( 'NONE', *, *, #1094, .T. ) ;
#697 = LINE ( 'NONE', #1572, #223 ) ;
#698 = CYLINDRICAL_SURFACE ( 'NONE', #1486, 1.000000000000000888 ) ;
#699 = ADVANCED_FACE ( 'NONE', ( #1493 ), #128, .F. ) ;
#700 = VERTEX_POINT ( 'NONE', #863 ) ;
#701 = PRESENTATION_STYLE_ASSIGNMENT (( #474 ) ) ;
#702 = VERTEX_POINT ( 'NONE', #1507 ) ;
#703 = CARTESIAN_POINT ( 'NONE',  ( -56.72598643762686521, 1.000000000000000000, -26.49999999999999645 ) ) ;
#704 = DIRECTION ( 'NONE',  ( 0.000000000000000000, 0.000000000000000000, -1.000000000000000000 ) ) ;
#705 = ORIENTED_EDGE ( 'NONE', *, *, #1262, .T. ) ;
#706 = DIRECTION ( 'NONE',  ( -1.000000000000000000, 0.000000000000000000, 0.000000000000000000 ) ) ;
#707 = ORIENTED_EDGE ( 'NONE', *, *, #133, .T. ) ;
#708 = AXIS2_PLACEMENT_3D ( 'NONE', #1109, #459, #1458 ) ;
#709 = DIRECTION ( 'NONE',  ( -1.000000000000000000, 0.000000000000000000, 0.000000000000000000 ) ) ;
#710 = LINE ( 'NONE', #330, #596 ) ;
#711 = DIRECTION ( 'NONE',  ( 0.000000000000000000, -0.000000000000000000, 1.000000000000000000 ) ) ;
#712 = ORIENTED_EDGE ( 'NONE', *, *, #1437, .F. ) ;
#713 = CYLINDRICAL_SURFACE ( 'NONE', #785, 1.000000000000000888 ) ;
#714 = ORIENTED_EDGE ( 'NONE', *, *, #1371, .T. ) ;
#715 = DIRECTION ( 'NONE',  ( 1.000000000000000000, 0.000000000000000000, 0.000000000000000000 ) ) ;
#716 = ADVANCED_FACE ( 'NONE', ( #747 ), #1241, .T. ) ;
#717 = CARTESIAN_POINT ( 'NONE',  ( -56.72598643762687232, 0.000000000000000000, -26.49999999999999289 ) ) ;
#718 = CARTESIAN_POINT ( 'NONE',  ( -71.14019999999997879, 6.500000000000000000, 12.08578643762691307 ) ) ;
#719 = ADVANCED_FACE ( 'NONE', ( #1627 ), #1380, .F. ) ;
#720 = CARTESIAN_POINT ( 'NONE',  ( 68.75980000000004111, 1.000000000000000000, -35.79449999999999221 ) ) ;
#721 = VERTEX_POINT ( 'NONE', #1140 ) ;
#722 = FACE_OUTER_BOUND ( 'NONE', #1556, .T. ) ;
#723 = EDGE_CURVE ( 'NONE', #1010, #700, #1292, .T. ) ;
#724 = CARTESIAN_POINT ( 'NONE',  ( 68.75980000000004111, 1.000000000000000000, -36.79449999999999221 ) ) ;
#725 = DIRECTION ( 'NONE',  ( 0.000000000000000000, 1.000000000000000000, 0.000000000000000000 ) ) ;
#726 = EDGE_CURVE ( 'NONE', #751, #238, #1426, .T. ) ;
#727 = EDGE_LOOP ( 'NONE', ( #1455, #1182 ) ) ;
#728 = DIRECTION ( 'NONE',  ( 0.000000000000000000, 0.000000000000000000, -1.000000000000000000 ) ) ;
#729 = CIRCLE ( 'NONE', #1274, 1.625000000000003109 ) ;
#730 = ORIENTED_EDGE ( 'NONE', *, *, #225, .T. ) ;
#731 = FACE_OUTER_BOUND ( 'NONE', #33, .T. ) ;
#732 = AXIS2_PLACEMENT_3D ( 'NONE', #222, #715, #215 ) ;
#733 =( GEOMETRIC_REPRESENTATION_CONTEXT ( 3 ) GLOBAL_UNCERTAINTY_ASSIGNED_CONTEXT ( ( #793 ) ) GLOBAL_UNIT_ASSIGNED_CONTEXT ( ( #219, #582, #1332 ) ) REPRESENTATION_CONTEXT ( 'NONE', 'WORKASPACE' ) );
#734 = AXIS2_PLACEMENT_3D ( 'NONE', #1128, #1347, #750 ) ;
#735 = DIRECTION ( 'NONE',  ( -0.7870887457397088838, -2.140092872458686474E-15, 0.6168397736283645072 ) ) ;
#736 = DIRECTION ( 'NONE',  ( 0.000000000000000000, 0.000000000000000000, 1.000000000000000000 ) ) ;
#737 = AXIS2_PLACEMENT_3D ( 'NONE', #1027, #1515, #391 ) ;
#738 = EDGE_CURVE ( 'NONE', #783, #1324, #117, .T. ) ;
#739 = FACE_BOUND ( 'NONE', #163, .T. ) ;
#740 = ORIENTED_EDGE ( 'NONE', *, *, #1337, .T. ) ;
#741 = DIRECTION ( 'NONE',  ( 1.000000000000000000, 0.000000000000000000, -1.095614826932720471E-16 ) ) ;
#742 = CARTESIAN_POINT ( 'NONE',  ( 64.55980000000002406, 0.000000000000000000, 29.50550000000000850 ) ) ;
#743 = CYLINDRICAL_SURFACE ( 'NONE', #1204, 1.625000000000001332 ) ;
#744 = CARTESIAN_POINT ( 'NONE',  ( -2.903379291371709193E-15, 0.000000000000000000, -26.50000000000000000 ) ) ;
#745 = EDGE_CURVE ( 'NONE', #1289, #1491, #1418, .T. ) ;
#746 = VERTEX_POINT ( 'NONE', #665 ) ;
#747 = FACE_OUTER_BOUND ( 'NONE', #521, .T. ) ;
#748 = EDGE_CURVE ( 'NONE', #371, #95, #546, .T. ) ;
#749 = CARTESIAN_POINT ( 'NONE',  ( -72.14019999999996458, 6.500000000000000000, -12.08578643762690064 ) ) ;
#750 = DIRECTION ( 'NONE',  ( 0.000000000000000000, 0.000000000000000000, 1.000000000000000000 ) ) ;
#751 = VERTEX_POINT ( 'NONE', #1051 ) ;
#752 = DIRECTION ( 'NONE',  ( 0.000000000000000000, 0.000000000000000000, 1.000000000000000000 ) ) ;
#753 = ORIENTED_EDGE ( 'NONE', *, *, #1546, .T. ) ;
#754 = DIRECTION ( 'NONE',  ( 0.000000000000000000, 1.000000000000000000, 0.000000000000000000 ) ) ;
#755 = EDGE_CURVE ( 'NONE', #289, #973, #908, .T. ) ;
#756 = DIRECTION ( 'NONE',  ( 0.000000000000000000, 0.000000000000000000, -1.000000000000000000 ) ) ;
#757 = AXIS2_PLACEMENT_3D ( 'NONE', #426, #900, #532 ) ;
#758 = PLANE ( 'NONE',  #230 ) ;
#759 = VERTEX_POINT ( 'NONE', #1273 ) ;
#760 = CARTESIAN_POINT ( 'NONE',  ( 59.70819761149239469, 1.000000000000000000, 35.90550000000000352 ) ) ;
#761 = CIRCLE ( 'NONE', #1541, 2.199999999999997957 ) ;
#762 = ORIENTED_EDGE ( 'NONE', *, *, #1094, .F. ) ;
#763 = DIRECTION ( 'NONE',  ( 0.6168397736283651733, -0.000000000000000000, 0.7870887457397083287 ) ) ;
#764 = EDGE_CURVE ( 'NONE', #238, #27, #1044, .T. ) ;
#765 = LINE ( 'NONE', #1522, #1304 ) ;
#766 = DIRECTION ( 'NONE',  ( 0.000000000000000000, 1.000000000000000000, 0.000000000000000000 ) ) ;
#767 = ORIENTED_EDGE ( 'NONE', *, *, #1420, .F. ) ;
#768 = CARTESIAN_POINT ( 'NONE',  ( 59.70819761149239469, 1.000000000000000000, 35.90550000000000352 ) ) ;
#769 = EDGE_CURVE ( 'NONE', #648, #294, #1592, .T. ) ;
#770 = ORIENTED_EDGE ( 'NONE', *, *, #1584, .F. ) ;
#771 = DIRECTION ( 'NONE',  ( 0.000000000000000000, 0.000000000000000000, 1.000000000000000000 ) ) ;
#772 = CARTESIAN_POINT ( 'NONE',  ( -66.94019999999996173, 3.274999999999999911, -8.594499999999992923 ) ) ;
#773 = DIRECTION ( 'NONE',  ( 0.000000000000000000, 0.000000000000000000, 1.000000000000000000 ) ) ;
#774 = CARTESIAN_POINT ( 'NONE',  ( 59.08812482723376291, 1.000000000000000000, -36.58158874573969399 ) ) ;
#775 = DIRECTION ( 'NONE',  ( 1.000000000000000000, -0.000000000000000000, -0.000000000000000000 ) ) ;
#776 = ORIENTED_EDGE ( 'NONE', *, *, #376, .F. ) ;
#777 = DIRECTION ( 'NONE',  ( -0.000000000000000000, 1.000000000000000000, -0.000000000000000000 ) ) ;
#778 = ORIENTED_EDGE ( 'NONE', *, *, #573, .T. ) ;
#779 = CIRCLE ( 'NONE', #490, 0.9999999999999991118 ) ;
#780 = DIRECTION ( 'NONE',  ( 0.000000000000000000, 1.000000000000000000, 0.000000000000000000 ) ) ;
#781 = PLANE ( 'NONE',  #19 ) ;
#782 = AXIS2_PLACEMENT_3D ( 'NONE', #1398, #1158, #405 ) ;
#783 = VERTEX_POINT ( 'NONE', #1032 ) ;
#784 = CARTESIAN_POINT ( 'NONE',  ( -57.43309321881341134, 6.500000000000000000, -27.20710678118654258 ) ) ;
#785 = AXIS2_PLACEMENT_3D ( 'NONE', #1349, #1190, #1211 ) ;
#786 = VERTEX_POINT ( 'NONE', #1040 ) ;
#787 = CIRCLE ( 'NONE', #734, 2.000000000000001776 ) ;
#788 = CARTESIAN_POINT ( 'NONE',  ( 47.15160238850765495, 6.500000000000000000, 28.50000000000000355 ) ) ;
#789 = ORIENTED_EDGE ( 'NONE', *, *, #268, .T. ) ;
#790 = CARTESIAN_POINT ( 'NONE',  ( -57.14019999999995747, 6.500000000000000000, -27.49999999999999289 ) ) ;
#791 = ORIENTED_EDGE ( 'NONE', *, *, #446, .F. ) ;
#792 = CARTESIAN_POINT ( 'NONE',  ( 68.75980000000006953, 1.000000000000000000, 35.90550000000000352 ) ) ;
#793 = UNCERTAINTY_MEASURE_WITH_UNIT (LENGTH_MEASURE( 1.000000000000000082E-05 ), #219, 'distance_accuracy_value', 'NONE');
#794 = ORIENTED_EDGE ( 'NONE', *, *, #388, .T. ) ;
#795 = CYLINDRICAL_SURFACE ( 'NONE', #1620, 1.000000000000000888 ) ;
#796 = EDGE_CURVE ( 'NONE', #945, #313, #305, .T. ) ;
#797 = ORIENTED_EDGE ( 'NONE', *, *, #810, .T. ) ;
#798 = DIRECTION ( 'NONE',  ( 0.000000000000000000, 0.000000000000000000, 1.000000000000000000 ) ) ;
#799 = CARTESIAN_POINT ( 'NONE',  ( 47.15483539913793010, 6.500000000000000000, -28.50000000000000711 ) ) ;
#800 = FACE_OUTER_BOUND ( 'NONE', #1318, .T. ) ;
#801 = FACE_OUTER_BOUND ( 'NONE', #1000, .T. ) ;
#802 = ORIENTED_EDGE ( 'NONE', *, *, #1353, .F. ) ;
#803 = DIRECTION ( 'NONE',  ( 0.000000000000000000, -1.000000000000000000, 3.469446951953614189E-15 ) ) ;
#804 = ORIENTED_EDGE ( 'NONE', *, *, #748, .T. ) ;
#805 = ADVANCED_FACE ( 'NONE', ( #173 ), #658, .F. ) ;
#806 = SPHERICAL_SURFACE ( 'NONE', #732, 1.000000000000000000 ) ;
#807 = CIRCLE ( 'NONE', #1012, 1.625000000000001332 ) ;
#808 = DIRECTION ( 'NONE',  ( -0.7071067811865474617, 0.000000000000000000, 0.7071067811865474617 ) ) ;
#809 = DIRECTION ( 'NONE',  ( 0.000000000000000000, 0.000000000000000000, -1.000000000000000000 ) ) ;
#810 = EDGE_CURVE ( 'NONE', #870, #907, #1313, .T. ) ;
#811 = AXIS2_PLACEMENT_3D ( 'NONE', #489, #894, #1259 ) ;
#812 = ORIENTED_EDGE ( 'NONE', *, *, #1579, .T. ) ;
#813 = DIRECTION ( 'NONE',  ( 0.000000000000000000, 0.000000000000000000, -1.000000000000000000 ) ) ;
#814 = VECTOR ( 'NONE', #1290, 1000.000000000000000 ) ;
#815 = CIRCLE ( 'NONE', #1074, 0.9999999999999991118 ) ;
#816 = ORIENTED_EDGE ( 'NONE', *, *, #1255, .F. ) ;
#817 = EDGE_CURVE ( 'NONE', #1171, #1331, #1151, .T. ) ;
#818 = CARTESIAN_POINT ( 'NONE',  ( 64.55980000000002406, 3.274999999999999911, 29.50550000000000850 ) ) ;
#819 = CARTESIAN_POINT ( 'NONE',  ( 64.55980000000002406, 0.000000000000000000, -31.59449999999998937 ) ) ;
#820 = ORIENTED_EDGE ( 'NONE', *, *, #914, .T. ) ;
#821 = DIRECTION ( 'NONE',  ( -0.7071067811865492381, -2.453269466693392310E-15, 0.7071067811865457964 ) ) ;
#822 = EDGE_CURVE ( 'NONE', #95, #1281, #652, .T. ) ;
#823 = ORIENTED_EDGE ( 'NONE', *, *, #592, .T. ) ;
#824 = CARTESIAN_POINT ( 'NONE',  ( 0.000000000000000000, 0.000000000000000000, 0.000000000000000000 ) ) ;
#825 = CYLINDRICAL_SURFACE ( 'NONE', #911, 1.000000000000000888 ) ;
#826 = DIRECTION ( 'NONE',  ( 0.000000000000000000, 0.000000000000000000, 1.000000000000000000 ) ) ;
#827 = ORIENTED_EDGE ( 'NONE', *, *, #1249, .F. ) ;
#828 = FACE_OUTER_BOUND ( 'NONE', #1189, .T. ) ;
#829 = ORIENTED_EDGE ( 'NONE', *, *, #723, .T. ) ;
#830 = LINE ( 'NONE', #1328, #326 ) ;
#831 = CYLINDRICAL_SURFACE ( 'NONE', #522, 0.9999999999999988898 ) ;
#832 = ORIENTED_EDGE ( 'NONE', *, *, #951, .T. ) ;
#833 = FILL_AREA_STYLE ('',( #972 ) ) ;
#834 = EDGE_CURVE ( 'NONE', #721, #153, #146, .T. ) ;
#835 = VECTOR ( 'NONE', #378, 1000.000000000000000 ) ;
#836 = EDGE_LOOP ( 'NONE', ( #56, #1218, #910, #1470 ) ) ;
#837 = VECTOR ( 'NONE', #433, 1000.000000000000000 ) ;
#838 = DIRECTION ( 'NONE',  ( 1.387778780781444256E-14, 0.000000000000000000, 1.000000000000000000 ) ) ;
#839 = AXIS2_PLACEMENT_3D ( 'NONE', #760, #1370, #881 ) ;
#840 = APPLICATION_CONTEXT ( 'automotive_design' ) ;
#841 = AXIS2_PLACEMENT_3D ( 'NONE', #819, #586, #1062 ) ;
#842 = ADVANCED_FACE ( 'NONE', ( #523 ), #34, .T. ) ;
#843 = VECTOR ( 'NONE', #150, 1000.000000000000000 ) ;
#844 = DIRECTION ( 'NONE',  ( -1.000000000000000000, -0.000000000000000000, -0.000000000000000000 ) ) ;
#845 = CARTESIAN_POINT ( 'NONE',  ( 64.55980000000002406, 3.274999999999999911, -33.79449999999999221 ) ) ;
#846 = CYLINDRICAL_SURFACE ( 'NONE', #1510, 1.000000000000000888 ) ;
#847 = VERTEX_POINT ( 'NONE', #1405 ) ;
#848 = CARTESIAN_POINT ( 'NONE',  ( 47.15160238850765495, 1.000000000000000000, 28.50000000000000355 ) ) ;
#849 = DIRECTION ( 'NONE',  ( 0.000000000000000000, 1.000000000000000000, 0.000000000000000000 ) ) ;
#850 = DIRECTION ( 'NONE',  ( -0.7835153137355657105, 0.000000000000000000, -0.6213724753655074373 ) ) ;
#851 = ORIENTED_EDGE ( 'NONE', *, *, #1234, .F. ) ;
#852 = FACE_OUTER_BOUND ( 'NONE', #71, .T. ) ;
#853 = VERTEX_POINT ( 'NONE', #1520 ) ;
#854 = DIRECTION ( 'NONE',  ( -1.000000000000000000, -0.000000000000000000, 0.000000000000000000 ) ) ;
#855 = ADVANCED_FACE ( 'NONE', ( #1172 ), #280, .F. ) ;
#856 = CARTESIAN_POINT ( 'NONE',  ( -66.94019999999996173, 0.000000000000000000, -10.79449999999999221 ) ) ;
#857 = DIRECTION ( 'NONE',  ( 1.000000000000000000, -0.000000000000000000, -0.000000000000000000 ) ) ;
#858 = DIRECTION ( 'NONE',  ( 0.000000000000000000, 0.000000000000000000, -1.000000000000000000 ) ) ;
#859 = ADVANCED_FACE ( 'NONE', ( #414 ), #989, .T. ) ;
#860 = MANIFOLD_SOLID_BREP ( 'Boss-Extrude3', #1614 ) ;
#861 = AXIS2_PLACEMENT_3D ( 'NONE', #1270, #1136, #22 ) ;
#862 = ORIENTED_EDGE ( 'NONE', *, *, #1416, .F. ) ;
#863 = CARTESIAN_POINT ( 'NONE',  ( 59.70496460086212664, 6.500000000000000000, -36.79449999999999221 ) ) ;
#864 = AXIS2_PLACEMENT_3D ( 'NONE', #1358, #1122, #368 ) ;
#865 = AXIS2_PLACEMENT_3D ( 'NONE', #898, #926, #1271 ) ;
#867 = ADVANCED_FACE ( 'NONE', ( #1195 ), #795, .T. ) ;
#866 = CARTESIAN_POINT ( 'NONE',  ( -71.14019999999997879, 1.000000000000000000, 12.08578643762691307 ) ) ;
#868 = CARTESIAN_POINT ( 'NONE',  ( 64.55980000000002406, 3.274999999999999911, 30.08050000000000068 ) ) ;
#869 = DIRECTION ( 'NONE',  ( 0.000000000000000000, 0.000000000000000000, 1.000000000000000000 ) ) ;
#870 = VERTEX_POINT ( 'NONE', #1319 ) ;
#871 = DIRECTION ( 'NONE',  ( 0.7071067811865474617, 0.000000000000000000, -0.7071067811865474617 ) ) ;
#872 = DIRECTION ( 'NONE',  ( -1.000000000000000000, 0.000000000000000000, 7.304098846218136886E-17 ) ) ;
#873 = CARTESIAN_POINT ( 'NONE',  ( 64.55980000000002406, 3.274999999999999911, -31.59449999999998937 ) ) ;
#874 = ORIENTED_EDGE ( 'NONE', *, *, #373, .T. ) ;
#875 = FACE_OUTER_BOUND ( 'NONE', #110, .T. ) ;
#876 = ORIENTED_EDGE ( 'NONE', *, *, #104, .F. ) ;
#877 = LINE ( 'NONE', #1115, #415 ) ;
#878 = FACE_OUTER_BOUND ( 'NONE', #449, .T. ) ;
#879 = DIRECTION ( 'NONE',  ( 0.000000000000000000, 1.000000000000000000, 0.000000000000000000 ) ) ;
#880 = ORIENTED_EDGE ( 'NONE', *, *, #1477, .T. ) ;
#881 = DIRECTION ( 'NONE',  ( 0.000000000000000000, 0.000000000000000000, 1.000000000000000000 ) ) ;
#882 = ORIENTED_EDGE ( 'NONE', *, *, #1185, .F. ) ;
#883 = DIRECTION ( 'NONE',  ( 0.000000000000000000, -1.000000000000000000, 0.000000000000000000 ) ) ;
#884 = EDGE_CURVE ( 'NONE', #1132, #27, #1566, .T. ) ;
#885 = AXIS2_PLACEMENT_3D ( 'NONE', #1501, #1134, #541 ) ;
#886 = LINE ( 'NONE', #1042, #1615 ) ;
#887 = CIRCLE ( 'NONE', #1179, 1.000000000000000888 ) ;
#888 = LINE ( 'NONE', #1261, #843 ) ;
#889 = VECTOR ( 'NONE', #954, 1000.000000000000000 ) ;
#890 = ORIENTED_EDGE ( 'NONE', *, *, #1185, .T. ) ;
#891 = CARTESIAN_POINT ( 'NONE',  ( 64.55980000000002406, 6.500000000000000000, -31.59449999999998937 ) ) ;
#892 = AXIS2_PLACEMENT_3D ( 'NONE', #275, #1268, #903 ) ;
#893 = ORIENTED_EDGE ( 'NONE', *, *, #635, .T. ) ;
#894 = DIRECTION ( 'NONE',  ( 0.000000000000000000, -1.000000000000000000, -0.000000000000000000 ) ) ;
#895 = CARTESIAN_POINT ( 'NONE',  ( 64.55980000000002406, 6.500000000000000000, -31.59449999999998937 ) ) ;
#896 = DIRECTION ( 'NONE',  ( 0.000000000000000000, 1.000000000000000000, 0.000000000000000000 ) ) ;
#897 = FACE_OUTER_BOUND ( 'NONE', #1098, .T. ) ;
#898 = CARTESIAN_POINT ( 'NONE',  ( -66.94019999999996173, 6.500000000000000000, -8.594499999999992923 ) ) ;
#899 = ORIENTED_EDGE ( 'NONE', *, *, #446, .T. ) ;
#900 = DIRECTION ( 'NONE',  ( 0.000000000000000000, -1.000000000000000000, 0.000000000000000000 ) ) ;
#901 = ORIENTED_EDGE ( 'NONE', *, *, #1345, .F. ) ;
#902 = CARTESIAN_POINT ( 'NONE',  ( 47.50000000000000711, 1.000000000000000000, -27.50000000000000711 ) ) ;
#903 = DIRECTION ( 'NONE',  ( 0.000000000000000000, 0.000000000000000000, 1.000000000000000000 ) ) ;
#904 = ADVANCED_FACE ( 'NONE', ( #852 ), #713, .T. ) ;
#905 = CARTESIAN_POINT ( 'NONE',  ( 59.35980000000004253, 6.500000000000000000, 36.90550000000001063 ) ) ;
#906 = DIRECTION ( 'NONE',  ( 0.000000000000000000, 0.000000000000000000, -1.000000000000000000 ) ) ;
#907 = VERTEX_POINT ( 'NONE', #1451 ) ;
#908 = LINE ( 'NONE', #297, #963 ) ;
#909 = PRODUCT ( 'FreeWili2 Mount Template', 'FreeWili2 Mount Template', '', ( #1430 ) ) ;
#910 = ORIENTED_EDGE ( 'NONE', *, *, #981, .F. ) ;
#911 = AXIS2_PLACEMENT_3D ( 'NONE', #1308, #1192, #691 ) ;
#912 = CARTESIAN_POINT ( 'NONE',  ( -71.14019999999996458, 1.000000000000000000, -12.08578643762690064 ) ) ;
#913 = DIRECTION ( 'NONE',  ( -1.000000000000000000, -0.000000000000000000, -0.000000000000000000 ) ) ;
#914 = EDGE_CURVE ( 'NONE', #619, #1491, #1575, .T. ) ;
#915 = VECTOR ( 'NONE', #777, 1000.000000000000000 ) ;
#916 = VERTEX_POINT ( 'NONE', #457 ) ;
#917 = DIRECTION ( 'NONE',  ( 5.551115123125783688E-16, -0.000000000000000000, -1.000000000000000000 ) ) ;
#918 = AXIS2_PLACEMENT_3D ( 'NONE', #891, #1106, #858 ) ;
#919 = VERTEX_POINT ( 'NONE', #83 ) ;
#920 = CIRCLE ( 'NONE', #1334, 2.200000000000000622 ) ;
#921 = EDGE_CURVE ( 'NONE', #1324, #688, #1064, .T. ) ;
#922 = ORIENTED_EDGE ( 'NONE', *, *, #1159, .F. ) ;
#923 = FACE_OUTER_BOUND ( 'NONE', #367, .T. ) ;
#924 = CARTESIAN_POINT ( 'NONE',  ( 64.55980000000002406, 3.274999999999999911, 31.70550000000000423 ) ) ;
#925 = DIRECTION ( 'NONE',  ( 0.7071067811865457964, 0.000000000000000000, -0.7071067811865492381 ) ) ;
#926 = DIRECTION ( 'NONE',  ( -0.000000000000000000, -1.000000000000000000, -0.000000000000000000 ) ) ;
#927 = ORIENTED_EDGE ( 'NONE', *, *, #1427, .F. ) ;
#928 = CARTESIAN_POINT ( 'NONE',  ( -71.14019999999997879, 1.000000000000000000, 12.08578643762691307 ) ) ;
#929 = ADVANCED_FACE ( 'NONE', ( #1570 ), #441, .T. ) ;
#930 = ORIENTED_EDGE ( 'NONE', *, *, #565, .F. ) ;
#931 = CARTESIAN_POINT ( 'NONE',  ( 64.55980000000002406, 6.500000000000000000, 31.70550000000000423 ) ) ;
#932 = EDGE_CURVE ( 'NONE', #62, #853, #944, .T. ) ;
#933 = LINE ( 'NONE', #186, #680 ) ;
#934 = LINE ( 'NONE', #288, #814 ) ;
#935 = ORIENTED_EDGE ( 'NONE', *, *, #1150, .T. ) ;
#936 = CARTESIAN_POINT ( 'NONE',  ( 68.75980000000004111, 6.500000000000000000, -36.79449999999999221 ) ) ;
#937 = ADVANCED_FACE ( 'NONE', ( #828 ), #846, .T. ) ;
#938 = ORIENTED_EDGE ( 'NONE', *, *, #764, .F. ) ;
#939 = DIRECTION ( 'NONE',  ( 0.000000000000000000, 0.000000000000000000, -1.000000000000000000 ) ) ;
#940 = CARTESIAN_POINT ( 'NONE',  ( 0.000000000000000000, 6.500000000000000000, 0.000000000000000000 ) ) ;
#941 = AXIS2_PLACEMENT_3D ( 'NONE', #1390, #245, #375 ) ;
#942 = ORIENTED_EDGE ( 'NONE', *, *, #559, .F. ) ;
#943 = CARTESIAN_POINT ( 'NONE',  ( 47.50000000000000711, 1.000000000000000000, 26.50000000000000000 ) ) ;
#944 = CIRCLE ( 'NONE', #227, 0.9999999999999988898 ) ;
#945 = VERTEX_POINT ( 'NONE', #1087 ) ;
#946 = DIRECTION ( 'NONE',  ( 0.000000000000000000, 0.000000000000000000, 1.000000000000000000 ) ) ;
#947 = DIRECTION ( 'NONE',  ( 0.000000000000000000, 0.000000000000000000, 1.000000000000000000 ) ) ;
#948 = ORIENTED_EDGE ( 'NONE', *, *, #738, .F. ) ;
#949 = ORIENTED_EDGE ( 'NONE', *, *, #345, .T. ) ;
#951 = EDGE_CURVE ( 'NONE', #476, #973, #189, .T. ) ;
#950 = DIRECTION ( 'NONE',  ( 0.7071067811865471286, 0.000000000000000000, -0.7071067811865479058 ) ) ;
#952 = CARTESIAN_POINT ( 'NONE',  ( 59.70496460086212664, 0.000000000000000000, -35.79449999999999221 ) ) ;
#953 = EDGE_LOOP ( 'NONE', ( #1343, #705 ) ) ;
#954 = DIRECTION ( 'NONE',  ( 0.7835153137355657105, -0.000000000000000000, 0.6213724753655074373 ) ) ;
#955 = ORIENTED_EDGE ( 'NONE', *, *, #1546, .F. ) ;
#956 = LINE ( 'NONE', #344, #1277 ) ;
#957 = LINE ( 'NONE', #1588, #410 ) ;
#958 = DIRECTION ( 'NONE',  ( 0.000000000000000000, 1.000000000000000000, 0.000000000000000000 ) ) ;
#959 = PRODUCT_RELATED_PRODUCT_CATEGORY ( 'part', '', ( #909 ) ) ;
#960 = DIRECTION ( 'NONE',  ( 0.000000000000000000, 1.000000000000000000, 0.000000000000000000 ) ) ;
#961 = EDGE_CURVE ( 'NONE', #1191, #786, #1342, .T. ) ;
#962 = VERTEX_POINT ( 'NONE', #1474 ) ;
#963 = VECTOR ( 'NONE', #1434, 1000.000000000000000 ) ;
#964 = CARTESIAN_POINT ( 'NONE',  ( -66.94019999999996173, 3.274999999999999911, -10.21949999999999648 ) ) ;
#965 = ADVANCED_FACE ( 'NONE', ( #1131 ), #487, .F. ) ;
#966 = VECTOR ( 'NONE', #1020, 1000.000000000000000 ) ;
#967 = CIRCLE ( 'NONE', #387, 1.000000000000000888 ) ;
#968 = AXIS2_PLACEMENT_3D ( 'NONE', #924, #1393, #168 ) ;
#969 = CARTESIAN_POINT ( 'NONE',  ( -72.14019999999996458, 6.500000000000000000, -12.49999999999999289 ) ) ;
#970 = DIRECTION ( 'NONE',  ( 1.000000000000000000, 0.000000000000000000, -0.000000000000000000 ) ) ;
#971 = ORIENTED_EDGE ( 'NONE', *, *, #1542, .F. ) ;
#972 = FILL_AREA_STYLE_COLOUR ( '', #1618 ) ;
#973 = VERTEX_POINT ( 'NONE', #1137 ) ;
#974 = DIRECTION ( 'NONE',  ( 0.000000000000000000, 1.000000000000000000, 0.000000000000000000 ) ) ;
#975 = ADVANCED_FACE ( 'NONE', ( #4 ), #637, .F. ) ;
#976 = CARTESIAN_POINT ( 'NONE',  ( 47.15483539913793010, 6.500000000000000000, -27.50000000000003197 ) ) ;
#977 = DIRECTION ( 'NONE',  ( 1.000000000000000000, 0.000000000000000000, 0.000000000000000000 ) ) ;
#978 = FACE_OUTER_BOUND ( 'NONE', #312, .T. ) ;
#979 = ORIENTED_EDGE ( 'NONE', *, *, #682, .T. ) ;
#980 = DIRECTION ( 'NONE',  ( 0.7870887457397076625, 0.000000000000000000, -0.6168397736283661725 ) ) ;
#981 = EDGE_CURVE ( 'NONE', #264, #746, #1310, .T. ) ;
#982 = LINE ( 'NONE', #1237, #1436 ) ;
#983 = DIRECTION ( 'NONE',  ( 0.000000000000000000, 1.000000000000000000, 0.000000000000000000 ) ) ;
#984 = ORIENTED_EDGE ( 'NONE', *, *, #424, .T. ) ;
#985 = SPHERICAL_SURFACE ( 'NONE', #282, 1.000000000000000000 ) ;
#986 = ORIENTED_EDGE ( 'NONE', *, *, #1561, .F. ) ;
#987 = CARTESIAN_POINT ( 'NONE',  ( 59.98117247536555396, 1.000000000000000000, 36.12198468626444736 ) ) ;
#988 = AXIS2_PLACEMENT_3D ( 'NONE', #492, #362, #872 ) ;
#989 = TOROIDAL_SURFACE ( 'NONE', #493, 2.000000000000000000, 1.000000000000000000 ) ;
#990 = CIRCLE ( 'NONE', #1359, 1.625000000000004885 ) ;
#991 = DIRECTION ( 'NONE',  ( 0.000000000000000000, 0.000000000000000000, 1.000000000000000000 ) ) ;
#992 = CARTESIAN_POINT ( 'NONE',  ( 5.338716621241594851, 0.000000000000000000, 6.812212747818748859 ) ) ;
#993 = EDGE_LOOP ( 'NONE', ( #406, #1483, #1263, #1108 ) ) ;
#994 = DIRECTION ( 'NONE',  ( 0.000000000000000000, 0.000000000000000000, 1.000000000000000000 ) ) ;
#995 = ORIENTED_EDGE ( 'NONE', *, *, #92, .F. ) ;
#996 = CARTESIAN_POINT ( 'NONE',  ( 47.15483539913793010, 0.000000000000000000, -27.50000000000000711 ) ) ;
#997 = DIRECTION ( 'NONE',  ( 0.000000000000000000, 0.000000000000000000, -1.000000000000000000 ) ) ;
#998 = FACE_OUTER_BOUND ( 'NONE', #1160, .T. ) ;
#999 = EDGE_CURVE ( 'NONE', #127, #404, #349, .T. ) ;
#1000 = EDGE_LOOP ( 'NONE', ( #1481, #778, #930 ) ) ;
#1001 = DIRECTION ( 'NONE',  ( 0.000000000000000000, 1.000000000000000000, 0.000000000000000000 ) ) ;
#1002 = ORIENTED_EDGE ( 'NONE', *, *, #1391, .F. ) ;
#1003 = CARTESIAN_POINT ( 'NONE',  ( 59.08682513612689036, 6.500000000000000000, 36.68901531373557390 ) ) ;
#1004 = EDGE_CURVE ( 'NONE', #688, #242, #1333, .T. ) ;
#1005 = LINE ( 'NONE', #407, #1408 ) ;
#1006 = CARTESIAN_POINT ( 'NONE',  ( 68.75980000000006953, 1.000000000000000000, 36.90550000000001063 ) ) ;
#1007 = VERTEX_POINT ( 'NONE', #382 ) ;
#1008 = DIRECTION ( 'NONE',  ( -0.7870887457397083287, -0.000000000000000000, 0.6168397736283651733 ) ) ;
#1009 = ADVANCED_FACE ( 'NONE', ( #875, #116, #739, #1625 ), #504, .F. ) ;
#1010 = VERTEX_POINT ( 'NONE', #1388 ) ;
#1011 = CARTESIAN_POINT ( 'NONE',  ( 64.55980000000002406, 3.274999999999999911, -31.59449999999998937 ) ) ;
#1012 = AXIS2_PLACEMENT_3D ( 'NONE', #216, #623, #991 ) ;
#1013 = AXIS2_PLACEMENT_3D ( 'NONE', #149, #1392, #1400 ) ;
#1014 = AXIS2_PLACEMENT_3D ( 'NONE', #1373, #1366, #1476 ) ;
#1015 = DIRECTION ( 'NONE',  ( -0.000000000000000000, 1.000000000000000000, -0.000000000000000000 ) ) ;
#1016 = VECTOR ( 'NONE', #464, 1000.000000000000000 ) ;
#1017 = DIRECTION ( 'NONE',  ( 0.000000000000000000, 0.000000000000000000, 1.000000000000000000 ) ) ;
#1018 = AXIS2_PLACEMENT_3D ( 'NONE', #107, #494, #363 ) ;
#1019 = CYLINDRICAL_SURFACE ( 'NONE', #250, 0.9999999999999991118 ) ;
#1020 = DIRECTION ( 'NONE',  ( -1.000000000000000000, 0.000000000000000000, 1.095614826932720471E-16 ) ) ;
#1021 =( GEOMETRIC_REPRESENTATION_CONTEXT ( 3 ) GLOBAL_UNCERTAINTY_ASSIGNED_CONTEXT ( ( #162 ) ) GLOBAL_UNIT_ASSIGNED_CONTEXT ( ( #1288, #661, #1540 ) ) REPRESENTATION_CONTEXT ( 'NONE', 'WORKASPACE' ) );
#1022 = ORIENTED_EDGE ( 'NONE', *, *, #424, .F. ) ;
#1023 = CARTESIAN_POINT ( 'NONE',  ( 64.55980000000002406, 6.500000000000000000, 31.70550000000000423 ) ) ;
#1024 = EDGE_CURVE ( 'NONE', #193, #702, #256, .T. ) ;
#1025 = ORIENTED_EDGE ( 'NONE', *, *, #1584, .T. ) ;
#1026 = CARTESIAN_POINT ( 'NONE',  ( 69.75980000000006953, 6.500000000000000000, 36.90550000000001063 ) ) ;
#1027 = CARTESIAN_POINT ( 'NONE',  ( 64.55980000000002406, 0.000000000000000000, 31.70550000000000423 ) ) ;
#1028 = ADVANCED_FACE ( 'NONE', ( #109 ), #372, .F. ) ;
#1029 = ORIENTED_EDGE ( 'NONE', *, *, #1362, .T. ) ;
#1030 = CARTESIAN_POINT ( 'NONE',  ( 59.70819761149239469, 1.000000000000000000, 35.90550000000000352 ) ) ;
#1031 = ORIENTED_EDGE ( 'NONE', *, *, #1004, .T. ) ;
#1032 = CARTESIAN_POINT ( 'NONE',  ( 47.15160238850764785, 6.500000000000000000, 27.50000000000004263 ) ) ;
#1033 = ORIENTED_EDGE ( 'NONE', *, *, #1606, .T. ) ;
#1034 = EDGE_CURVE ( 'NONE', #313, #1534, #627, .T. ) ;
#1035 = LINE ( 'NONE', #274, #251 ) ;
#1036 = DIRECTION ( 'NONE',  ( -0.000000000000000000, -1.000000000000000000, -0.000000000000000000 ) ) ;
#1037 = ORIENTED_EDGE ( 'NONE', *, *, #1139, .T. ) ;
#1038 = DIRECTION ( 'NONE',  ( -0.7835153137355658215, -0.000000000000000000, -0.6213724753655074373 ) ) ;
#1039 = ORIENTED_EDGE ( 'NONE', *, *, #1242, .F. ) ;
#1040 = CARTESIAN_POINT ( 'NONE',  ( -57.43309321881341134, 1.000000000000000000, -27.20710678118654258 ) ) ;
#1041 = ORIENTED_EDGE ( 'NONE', *, *, #170, .F. ) ;
#1042 = CARTESIAN_POINT ( 'NONE',  ( 64.55980000000002406, 3.274999999999999911, -29.96949999999998582 ) ) ;
#1043 = CIRCLE ( 'NONE', #412, 1.000000000000000888 ) ;
#1044 = CIRCLE ( 'NONE', #757, 1.000000000000000888 ) ;
#1046 = ADVANCED_FACE ( 'NONE', ( #100 ), #985, .T. ) ;
#1045 = ORIENTED_EDGE ( 'NONE', *, *, #184, .F. ) ;
#1047 = DIRECTION ( 'NONE',  ( 1.000000000000000000, 0.000000000000000000, 0.000000000000000000 ) ) ;
#1048 = AXIS2_PLACEMENT_3D ( 'NONE', #253, #1257, #1601 ) ;
#1049 = ORIENTED_EDGE ( 'NONE', *, *, #452, .F. ) ;
#1050 = AXIS2_PLACEMENT_3D ( 'NONE', #181, #187, #693 ) ;
#1051 = CARTESIAN_POINT ( 'NONE',  ( 68.75980000000004111, 6.500000000000000000, -36.79449999999999221 ) ) ;
#1052 = ORIENTED_EDGE ( 'NONE', *, *, #834, .T. ) ;
#1053 = PLANE ( 'NONE',  #1068 ) ;
#1054 = FACE_OUTER_BOUND ( 'NONE', #638, .T. ) ;
#1055 = DIRECTION ( 'NONE',  ( 1.734723475976808672E-14, 0.000000000000000000, 1.000000000000000000 ) ) ;
#1056 = EDGE_CURVE ( 'NONE', #231, #1086, #119, .T. ) ;
#1057 = EDGE_LOOP ( 'NONE', ( #1596, #538, #360 ) ) ;
#1058 = DIRECTION ( 'NONE',  ( 0.000000000000000000, 1.000000000000000000, 0.000000000000000000 ) ) ;
#1059 = ORIENTED_EDGE ( 'NONE', *, *, #578, .T. ) ;
#1060 = EDGE_CURVE ( 'NONE', #262, #962, #126, .T. ) ;
#1061 = CARTESIAN_POINT ( 'NONE',  ( 59.35980000000004253, 6.500000000000000000, -36.79449999999999221 ) ) ;
#1062 = DIRECTION ( 'NONE',  ( 0.000000000000000000, 0.000000000000000000, 1.000000000000000000 ) ) ;
#1063 = ORIENTED_EDGE ( 'NONE', *, *, #999, .T. ) ;
#1064 = LINE ( 'NONE', #450, #889 ) ;
#1065 = ORIENTED_EDGE ( 'NONE', *, *, #961, .T. ) ;
#1066 = CIRCLE ( 'NONE', #514, 0.9999999999999987788 ) ;
#1067 = CARTESIAN_POINT ( 'NONE',  ( 68.75980000000006953, 6.500000000000000000, 36.90550000000001063 ) ) ;
#1068 = AXIS2_PLACEMENT_3D ( 'NONE', #1295, #974, #466 ) ;
#1069 = LINE ( 'NONE', #1092, #309 ) ;
#1070 = AXIS2_PLACEMENT_3D ( 'NONE', #673, #1058, #14 ) ;
#1071 = ORIENTED_EDGE ( 'NONE', *, *, #692, .F. ) ;
#1072 = DIRECTION ( 'NONE',  ( 0.000000000000000000, -1.000000000000000000, 0.000000000000000000 ) ) ;
#1073 = AXIS2_PLACEMENT_3D ( 'NONE', #194, #1456, #318 ) ;
#1074 = AXIS2_PLACEMENT_3D ( 'NONE', #718, #454, #826 ) ;
#1075 = ORIENTED_EDGE ( 'NONE', *, *, #133, .F. ) ;
#1076 = ADVANCED_FACE ( 'NONE', ( #978 ), #1227, .T. ) ;
#1077 = CARTESIAN_POINT ( 'NONE',  ( -57.14019999999995747, 6.500000000000000000, 27.50000000000000355 ) ) ;
#1078 = DIRECTION ( 'NONE',  ( 0.000000000000000000, 0.000000000000000000, 1.000000000000000000 ) ) ;
#1079 = ORIENTED_EDGE ( 'NONE', *, *, #1249, .T. ) ;
#1080 = DIRECTION ( 'NONE',  ( -0.000000000000000000, -0.000000000000000000, 1.000000000000000000 ) ) ;
#1081 = ORIENTED_EDGE ( 'NONE', *, *, #769, .T. ) ;
#1082 = CARTESIAN_POINT ( 'NONE',  ( 68.75980000000006953, 1.000000000000000000, 35.90549999999999642 ) ) ;
#1083 = ADVANCED_FACE ( 'NONE', ( #1364 ), #237, .F. ) ;
#1084 = DIRECTION ( 'NONE',  ( -0.7835153137355657105, 0.000000000000000000, -0.6213724753655074373 ) ) ;
#1085 = CARTESIAN_POINT ( 'NONE',  ( -57.43309321881341134, 1.000000000000000000, 27.20710678118655323 ) ) ;
#1086 = VERTEX_POINT ( 'NONE', #663 ) ;
#1087 = CARTESIAN_POINT ( 'NONE',  ( 68.75980000000006953, 0.000000000000000000, 35.90550000000000352 ) ) ;
#1088 = EDGE_CURVE ( 'NONE', #153, #721, #385, .T. ) ;
#1089 = VERTEX_POINT ( 'NONE', #671 ) ;
#1090 = CARTESIAN_POINT ( 'NONE',  ( -56.72598643762686521, 1.000000000000000000, -27.49999999999999645 ) ) ;
#1091 = DIRECTION ( 'NONE',  ( -0.000000000000000000, -1.000000000000000000, -0.000000000000000000 ) ) ;
#1092 = CARTESIAN_POINT ( 'NONE',  ( -66.94019999999996173, 6.500000000000000000, -6.394499999999994522 ) ) ;
#1093 = CIRCLE ( 'NONE', #87, 1.000000000000000888 ) ;
#1094 = EDGE_CURVE ( 'NONE', #1524, #962, #46, .T. ) ;
#1095 = VECTOR ( 'NONE', #479, 1000.000000000000000 ) ;
#1096 = ORIENTED_EDGE ( 'NONE', *, *, #392, .T. ) ;
#1097 = AXIS2_PLACEMENT_3D ( 'NONE', #848, #429, #1213 ) ;
#1098 = EDGE_LOOP ( 'NONE', ( #188, #922, #1387, #319 ) ) ;
#1099 = AXIS2_PLACEMENT_3D ( 'NONE', #1206, #838, #1336 ) ;
#1100 = FACE_OUTER_BOUND ( 'NONE', #279, .T. ) ;
#1101 = AXIS2_PLACEMENT_3D ( 'NONE', #618, #1617, #752 ) ;
#1102 = ADVANCED_FACE ( 'NONE', ( #801 ), #1299, .T. ) ;
#1103 = AXIS2_PLACEMENT_3D ( 'NONE', #1352, #1231, #1222 ) ;
#1104 = DIRECTION ( 'NONE',  ( 0.000000000000000000, 0.000000000000000000, -1.000000000000000000 ) ) ;
#1105 = DIRECTION ( 'NONE',  ( -0.000000000000000000, 1.000000000000000000, -0.000000000000000000 ) ) ;
#1106 = DIRECTION ( 'NONE',  ( -0.000000000000000000, -1.000000000000000000, -0.000000000000000000 ) ) ;
#1107 = EDGE_CURVE ( 'NONE', #1302, #1132, #394, .T. ) ;
#1108 = ORIENTED_EDGE ( 'NONE', *, *, #170, .T. ) ;
#1109 = CARTESIAN_POINT ( 'NONE',  ( -56.72598643762686521, 1.000000000000000000, -26.49999999999999645 ) ) ;
#1110 = ADVANCED_FACE ( 'NONE', ( #23 ), #544, .T. ) ;
#1111 = CARTESIAN_POINT ( 'NONE',  ( 68.75980000000004111, 6.500000000000000000, -35.79449999999999221 ) ) ;
#1112 = CARTESIAN_POINT ( 'NONE',  ( -56.72598643762686521, 6.500000000000000000, -26.49999999999999645 ) ) ;
#1113 = DIRECTION ( 'NONE',  ( 0.000000000000000000, 1.000000000000000000, 0.000000000000000000 ) ) ;
#1114 = ORIENTED_EDGE ( 'NONE', *, *, #1285, .F. ) ;
#1115 = CARTESIAN_POINT ( 'NONE',  ( -72.14019999999996458, 6.500000000000000000, -12.08578643762690064 ) ) ;
#1116 = FACE_OUTER_BOUND ( 'NONE', #3, .T. ) ;
#1117 = LINE ( 'NONE', #992, #1384 ) ;
#1118 = ORIENTED_EDGE ( 'NONE', *, *, #726, .T. ) ;
#1119 = DIRECTION ( 'NONE',  ( 0.000000000000000000, -0.000000000000000000, 1.000000000000000000 ) ) ;
#1120 = AXIS2_PLACEMENT_3D ( 'NONE', #1487, #210, #602 ) ;
#1121 = ORIENTED_EDGE ( 'NONE', *, *, #666, .T. ) ;
#1122 = DIRECTION ( 'NONE',  ( -0.7870887457397083287, 0.000000000000000000, 0.6168397736283652844 ) ) ;
#1123 = AXIS2_PLACEMENT_3D ( 'NONE', #233, #499, #741 ) ;
#1124 = VECTOR ( 'NONE', #1008, 1000.000000000000000 ) ;
#1125 = ADVANCED_FACE ( 'NONE', ( #1544 ), #1415, .F. ) ;
#1126 = CIRCLE ( 'NONE', #1464, 1.000000000000000888 ) ;
#1127 = DIRECTION ( 'NONE',  ( 0.000000000000000000, -1.000000000000000000, 0.000000000000000000 ) ) ;
#1128 = CARTESIAN_POINT ( 'NONE',  ( 47.15160238850765495, 0.000000000000000000, 28.50000000000000355 ) ) ;
#1129 = VECTOR ( 'NONE', #1386, 1000.000000000000000 ) ;
#1130 = EDGE_LOOP ( 'NONE', ( #656, #1041, #1194, #1532 ) ) ;
#1131 = FACE_OUTER_BOUND ( 'NONE', #1414, .T. ) ;
#1132 = VERTEX_POINT ( 'NONE', #520 ) ;
#1133 = DIRECTION ( 'NONE',  ( -0.6168397736283661725, 0.000000000000000000, -0.7870887457397075515 ) ) ;
#1134 = DIRECTION ( 'NONE',  ( 1.000000000000000000, -0.000000000000000000, 0.000000000000000000 ) ) ;
#1135 = DIRECTION ( 'NONE',  ( 0.000000000000000000, 0.000000000000000000, 1.000000000000000000 ) ) ;
#1136 = DIRECTION ( 'NONE',  ( 0.000000000000000000, 1.000000000000000000, 0.000000000000000000 ) ) ;
#1137 = CARTESIAN_POINT ( 'NONE',  ( -56.72598643762686521, 6.500000000000000000, -27.49999999999999289 ) ) ;
#1139 = EDGE_CURVE ( 'NONE', #313, #115, #383, .T. ) ;
#1138 = ORIENTED_EDGE ( 'NONE', *, *, #1416, .T. ) ;
#1140 = CARTESIAN_POINT ( 'NONE',  ( 64.55980000000002406, 3.274999999999999911, 33.90550000000000352 ) ) ;
#1141 = DIRECTION ( 'NONE',  ( 0.000000000000000000, 1.000000000000000000, 0.000000000000000000 ) ) ;
#1142 = CARTESIAN_POINT ( 'NONE',  ( 48.38851494639465756, 0.000000000000000000, -26.92582250852059644 ) ) ;
#1143 = CYLINDRICAL_SURFACE ( 'NONE', #678, 0.9999999999999988898 ) ;
#1144 = DIRECTION ( 'NONE',  ( 0.000000000000000000, 1.000000000000000000, 0.000000000000000000 ) ) ;
#1145 = EDGE_CURVE ( 'NONE', #1593, #648, #411, .T. ) ;
#1146 = ORIENTED_EDGE ( 'NONE', *, *, #542, .F. ) ;
#1147 = CARTESIAN_POINT ( 'NONE',  ( -57.14019999999995747, 6.500000000000000000, -27.49999999999999289 ) ) ;
#1148 = VECTOR ( 'NONE', #1557, 1000.000000000000000 ) ;
#1149 = ORIENTED_EDGE ( 'NONE', *, *, #232, .T. ) ;
#1150 = EDGE_CURVE ( 'NONE', #294, #853, #278, .T. ) ;
#1151 = CIRCLE ( 'NONE', #354, 1.000000000000000222 ) ;
#1152 = DIRECTION ( 'NONE',  ( -0.000000000000000000, -1.000000000000000000, -0.000000000000000000 ) ) ;
#1153 = AXIS2_PLACEMENT_3D ( 'NONE', #1454, #958, #471 ) ;
#1154 = ORIENTED_EDGE ( 'NONE', *, *, #666, .F. ) ;
#1155 = DIRECTION ( 'NONE',  ( 0.000000000000000000, 1.000000000000000000, 0.000000000000000000 ) ) ;
#1156 = AXIS2_PLACEMENT_3D ( 'NONE', #1523, #400, #1017 ) ;
#1157 = ORIENTED_EDGE ( 'NONE', *, *, #642, .F. ) ;
#1158 = DIRECTION ( 'NONE',  ( -1.000000000000000000, 0.000000000000000000, 1.095614826932720471E-16 ) ) ;
#1159 = EDGE_CURVE ( 'NONE', #648, #1550, #934, .T. ) ;
#1160 = EDGE_LOOP ( 'NONE', ( #802, #583, #899, #1369 ) ) ;
#1161 = CARTESIAN_POINT ( 'NONE',  ( 47.77167517276629383, 6.500000000000000000, -27.71291125426030177 ) ) ;
#1162 = ORIENTED_EDGE ( 'NONE', *, *, #364, .T. ) ;
#1163 = DIRECTION ( 'NONE',  ( -5.551115123125783688E-16, 0.000000000000000000, 1.000000000000000000 ) ) ;
#1164 = ORIENTED_EDGE ( 'NONE', *, *, #1429, .T. ) ;
#1165 = DIRECTION ( 'NONE',  ( 0.000000000000000000, 1.000000000000000000, 0.000000000000000000 ) ) ;
#1166 = ORIENTED_EDGE ( 'NONE', *, *, #578, .F. ) ;
#1167 = DIRECTION ( 'NONE',  ( 0.000000000000000000, 0.000000000000000000, 1.000000000000000000 ) ) ;
#1168 = CARTESIAN_POINT ( 'NONE',  ( -66.94019999999996173, 6.500000000000000000, -8.594499999999992923 ) ) ;
#1169 = FACE_OUTER_BOUND ( 'NONE', #545, .T. ) ;
#1170 = CARTESIAN_POINT ( 'NONE',  ( 47.50000000000000711, 1.000000000000000000, -27.50000000000000711 ) ) ;
#1171 = VERTEX_POINT ( 'NONE', #161 ) ;
#1172 = FACE_OUTER_BOUND ( 'NONE', #486, .T. ) ;
#1173 = PRODUCT_DEFINITION_SHAPE ( 'NONE', 'NONE',  #155 ) ;
#1174 = VERTEX_POINT ( 'NONE', #263 ) ;
#1175 = FACE_OUTER_BOUND ( 'NONE', #1435, .T. ) ;
#1176 = LINE ( 'NONE', #508, #1314 ) ;
#1177 = ADVANCED_FACE ( 'NONE', ( #1264 ), #1525, .T. ) ;
#1178 = AXIS2_PLACEMENT_3D ( 'NONE', #615, #1468, #1104 ) ;
#1179 = AXIS2_PLACEMENT_3D ( 'NONE', #613, #1485, #771 ) ;
#1180 = LINE ( 'NONE', #1612, #140 ) ;
#1181 = CARTESIAN_POINT ( 'NONE',  ( 47.15483539913793010, 0.000000000000000000, -28.50000000000000711 ) ) ;
#1182 = ORIENTED_EDGE ( 'NONE', *, *, #1591, .T. ) ;
#1183 = AXIS2_PLACEMENT_3D ( 'NONE', #141, #654, #906 ) ;
#1184 = CARTESIAN_POINT ( 'NONE',  ( 48.39434733923867071, 1.000000000000000000, 26.93296937252886991 ) ) ;
#1185 = EDGE_CURVE ( 'NONE', #76, #476, #644, .T. ) ;
#1186 = ORIENTED_EDGE ( 'NONE', *, *, #682, .F. ) ;
#1187 = CARTESIAN_POINT ( 'NONE',  ( 59.08812482723376291, 6.500000000000000000, -36.58158874573969399 ) ) ;
#1188 = DIRECTION ( 'NONE',  ( -0.7071067811865475727, 0.000000000000000000, 0.7071067811865475727 ) ) ;
#1189 = EDGE_LOOP ( 'NONE', ( #628, #432, #1320, #218 ) ) ;
#1190 = DIRECTION ( 'NONE',  ( 0.000000000000000000, -1.000000000000000000, 0.000000000000000000 ) ) ;
#1191 = VERTEX_POINT ( 'NONE', #784 ) ;
#1192 = DIRECTION ( 'NONE',  ( -5.551115123125783688E-16, 0.000000000000000000, 1.000000000000000000 ) ) ;
#1193 = PLANE ( 'NONE',  #179 ) ;
#1194 = ORIENTED_EDGE ( 'NONE', *, *, #1508, .F. ) ;
#1195 = FACE_OUTER_BOUND ( 'NONE', #24, .T. ) ;
#1196 = ADVANCED_FACE ( 'NONE', ( #423 ), #1518, .F. ) ;
#1197 = ORIENTED_EDGE ( 'NONE', *, *, #184, .T. ) ;
#1198 = CARTESIAN_POINT ( 'NONE',  ( -71.14019999999996458, 1.000000000000000000, -12.08578643762690419 ) ) ;
#1199 = CIRCLE ( 'NONE', #1589, 1.625000000000003109 ) ;
#1200 = CARTESIAN_POINT ( 'NONE',  ( -66.94019999999996173, 3.274999999999999911, -8.594499999999992923 ) ) ;
#1201 = AXIS2_PLACEMENT_3D ( 'NONE', #788, #1165, #290 ) ;
#1202 = ORIENTED_EDGE ( 'NONE', *, *, #142, .F. ) ;
#1203 = CARTESIAN_POINT ( 'NONE',  ( 47.15483539913793010, 1.000000000000000000, -28.50000000000000711 ) ) ;
#1204 = AXIS2_PLACEMENT_3D ( 'NONE', #1375, #1238, #249 ) ;
#1205 = ORIENTED_EDGE ( 'NONE', *, *, #769, .F. ) ;
#1206 = CARTESIAN_POINT ( 'NONE',  ( 68.75980000000006953, 1.000000000000000000, 35.90550000000000352 ) ) ;
#1207 = ADVANCED_FACE ( 'NONE', ( #270 ), #1424, .T. ) ;
#1208 = DIRECTION ( 'NONE',  ( 0.7071067811865474617, -0.000000000000000000, -0.7071067811865474617 ) ) ;
#1209 = DIRECTION ( 'NONE',  ( -0.000000000000000000, -1.000000000000000000, -0.000000000000000000 ) ) ;
#1210 = ORIENTED_EDGE ( 'NONE', *, *, #195, .T. ) ;
#1211 = DIRECTION ( 'NONE',  ( 0.000000000000000000, 0.000000000000000000, -1.000000000000000000 ) ) ;
#1212 = ORIENTED_EDGE ( 'NONE', *, *, #1383, .T. ) ;
#1213 = DIRECTION ( 'NONE',  ( 0.000000000000000000, 0.000000000000000000, 1.000000000000000000 ) ) ;
#1214 = EDGE_CURVE ( 'NONE', #1534, #1547, #1403, .T. ) ;
#1215 = DIRECTION ( 'NONE',  ( -0.000000000000000000, -1.000000000000000000, -0.000000000000000000 ) ) ;
#1216 = DIRECTION ( 'NONE',  ( 0.7071067811865457964, 0.000000000000000000, 0.7071067811865492381 ) ) ;
#1217 = ORIENTED_EDGE ( 'NONE', *, *, #527, .F. ) ;
#1218 = ORIENTED_EDGE ( 'NONE', *, *, #403, .T. ) ;
#1219 = CARTESIAN_POINT ( 'NONE',  ( 68.75980000000004111, 1.000000000000000000, -35.79449999999999221 ) ) ;
#1221 = ADVANCED_FACE ( 'NONE', ( #580 ), #1322, .T. ) ;
#1220 = DIRECTION ( 'NONE',  ( 0.000000000000000000, 0.000000000000000000, 1.000000000000000000 ) ) ;
#1222 = DIRECTION ( 'NONE',  ( 0.000000000000000000, 0.000000000000000000, -1.000000000000000000 ) ) ;
#1223 = VECTOR ( 'NONE', #534, 1000.000000000000000 ) ;
#1224 = DIRECTION ( 'NONE',  ( -1.000000000000000000, 0.000000000000000000, -0.000000000000000000 ) ) ;
#1225 = AXIS2_PLACEMENT_3D ( 'NONE', #1284, #154, #1554 ) ;
#1226 = EDGE_LOOP ( 'NONE', ( #156, #271, #52, #35 ) ) ;
#1227 = TOROIDAL_SURFACE ( 'NONE', #445, 2.000000000000000000, 1.000000000000000000 ) ;
#1228 = CARTESIAN_POINT ( 'NONE',  ( 69.75980000000004111, 6.500000000000000000, -36.79449999999999221 ) ) ;
#1229 = CIRCLE ( 'NONE', #122, 1.625000000000003109 ) ;
#1230 = LINE ( 'NONE', #1598, #1095 ) ;
#1231 = DIRECTION ( 'NONE',  ( -1.000000000000000000, -0.000000000000000000, 0.000000000000000000 ) ) ;
#1232 = ORIENTED_EDGE ( 'NONE', *, *, #206, .F. ) ;
#1233 = DIRECTION ( 'NONE',  ( 0.000000000000000000, 1.000000000000000000, 0.000000000000000000 ) ) ;
#1234 = EDGE_CURVE ( 'NONE', #1428, #463, #1069, .T. ) ;
#1235 = ORIENTED_EDGE ( 'NONE', *, *, #1463, .F. ) ;
#1236 = CYLINDRICAL_SURFACE ( 'NONE', #941, 1.000000000000000888 ) ;
#1237 = CARTESIAN_POINT ( 'NONE',  ( 69.75980000000006953, 6.500000000000000000, 35.90549999999999642 ) ) ;
#1238 = DIRECTION ( 'NONE',  ( 0.000000000000000000, 1.000000000000000000, 0.000000000000000000 ) ) ;
#1239 = DIRECTION ( 'NONE',  ( 1.000000000000000000, 0.000000000000000000, 0.000000000000000000 ) ) ;
#1240 = ORIENTED_EDGE ( 'NONE', *, *, #455, .F. ) ;
#1241 = CYLINDRICAL_SURFACE ( 'NONE', #864, 0.9999999999999987788 ) ;
#1242 = EDGE_CURVE ( 'NONE', #1491, #336, #630, .T. ) ;
#1243 = DIRECTION ( 'NONE',  ( 0.000000000000000000, -1.000000000000000000, 0.000000000000000000 ) ) ;
#1244 = LINE ( 'NONE', #868, #1442 ) ;
#1245 = CARTESIAN_POINT ( 'NONE',  ( 64.55980000000002406, 0.000000000000000000, 31.70550000000000423 ) ) ;
#1246 = CIRCLE ( 'NONE', #1178, 1.000000000000000888 ) ;
#1247 = EDGE_LOOP ( 'NONE', ( #672, #1121, #244, #1574 ) ) ;
#1248 = DIRECTION ( 'NONE',  ( 0.000000000000000000, 0.000000000000000000, 1.000000000000000000 ) ) ;
#1249 = EDGE_CURVE ( 'NONE', #1428, #759, #761, .T. ) ;
#1250 = AXIS2_PLACEMENT_3D ( 'NONE', #987, #351, #513 ) ;
#1251 = VECTOR ( 'NONE', #917, 1000.000000000000000 ) ;
#1252 = CIRCLE ( 'NONE', #1103, 1.000000000000000888 ) ;
#1253 = LINE ( 'NONE', #660, #64 ) ;
#1254 = DIRECTION ( 'NONE',  ( 0.000000000000000000, -1.000000000000000000, 0.000000000000000000 ) ) ;
#1255 = EDGE_CURVE ( 'NONE', #1331, #115, #321, .T. ) ;
#1256 = EDGE_LOOP ( 'NONE', ( #333, #465, #1404, #322 ) ) ;
#1257 = DIRECTION ( 'NONE',  ( 0.000000000000000000, 1.000000000000000000, 0.000000000000000000 ) ) ;
#1258 = ORIENTED_EDGE ( 'NONE', *, *, #195, .F. ) ;
#1259 = DIRECTION ( 'NONE',  ( 0.000000000000000000, 0.000000000000000000, -1.000000000000000000 ) ) ;
#1260 = DIRECTION ( 'NONE',  ( 0.000000000000000000, 0.000000000000000000, -1.000000000000000000 ) ) ;
#1261 = CARTESIAN_POINT ( 'NONE',  ( 59.08812482723376291, 6.500000000000000000, -36.58158874573969399 ) ) ;
#1262 = EDGE_CURVE ( 'NONE', #381, #365, #472, .T. ) ;
#1263 = ORIENTED_EDGE ( 'NONE', *, *, #1255, .T. ) ;
#1264 = FACE_OUTER_BOUND ( 'NONE', #606, .T. ) ;
#1265 = ORIENTED_EDGE ( 'NONE', *, *, #1542, .T. ) ;
#1266 = CARTESIAN_POINT ( 'NONE',  ( -72.14019999999997879, 1.000000000000000000, 12.08578643762691307 ) ) ;
#1267 = DIRECTION ( 'NONE',  ( 1.000000000000000000, -0.000000000000000000, -0.000000000000000000 ) ) ;
#1268 = DIRECTION ( 'NONE',  ( 0.000000000000000000, 1.000000000000000000, 0.000000000000000000 ) ) ;
#1269 = ADVANCED_FACE ( 'NONE', ( #192 ), #831, .T. ) ;
#1270 = CARTESIAN_POINT ( 'NONE',  ( 64.55980000000002406, 3.274999999999999911, 31.70550000000000423 ) ) ;
#1271 = DIRECTION ( 'NONE',  ( 0.000000000000000000, 0.000000000000000000, -1.000000000000000000 ) ) ;
#1272 = ORIENTED_EDGE ( 'NONE', *, *, #1514, .T. ) ;
#1273 = CARTESIAN_POINT ( 'NONE',  ( -66.94019999999996173, 3.274999999999999911, -10.79449999999999221 ) ) ;
#1274 = AXIS2_PLACEMENT_3D ( 'NONE', #1494, #849, #1220 ) ;
#1275 = ADVANCED_FACE ( 'NONE', ( #1558, #1568, #1573, #593 ), #303, .T. ) ;
#1276 = ORIENTED_EDGE ( 'NONE', *, *, #1348, .T. ) ;
#1277 = VECTOR ( 'NONE', #337, 1000.000000000000000 ) ;
#1278 = DIRECTION ( 'NONE',  ( -0.000000000000000000, -1.000000000000000000, -0.000000000000000000 ) ) ;
#1279 = AXIS2_PLACEMENT_3D ( 'NONE', #768, #1038, #1533 ) ;
#1280 = AXIS2_PLACEMENT_3D ( 'NONE', #311, #1340, #1078 ) ;
#1281 = VERTEX_POINT ( 'NONE', #438 ) ;
#1282 = DIRECTION ( 'NONE',  ( 0.000000000000000000, 0.000000000000000000, 1.000000000000000000 ) ) ;
#1283 = ORIENTED_EDGE ( 'NONE', *, *, #1420, .T. ) ;
#1284 = CARTESIAN_POINT ( 'NONE',  ( 47.15160238850765495, 6.500000000000000000, 28.50000000000000355 ) ) ;
#1285 = EDGE_CURVE ( 'NONE', #1281, #95, #497, .T. ) ;
#1286 = ORIENTED_EDGE ( 'NONE', *, *, #1214, .T. ) ;
#1287 = CARTESIAN_POINT ( 'NONE',  ( -56.72598643762687232, 1.000000000000000000, -26.49999999999999289 ) ) ;
#1288 =( LENGTH_UNIT ( ) NAMED_UNIT ( * ) SI_UNIT ( .MILLI., .METRE. ) );
#1289 = VERTEX_POINT ( 'NONE', #1085 ) ;
#1290 = DIRECTION ( 'NONE',  ( -0.000000000000000000, 1.000000000000000000, -0.000000000000000000 ) ) ;
#1291 = ORIENTED_EDGE ( 'NONE', *, *, #748, .F. ) ;
#1292 = LINE ( 'NONE', #1548, #328 ) ;
#1293 = EDGE_CURVE ( 'NONE', #1550, #619, #815, .T. ) ;
#1294 = EDGE_LOOP ( 'NONE', ( #979, #172, #712 ) ) ;
#1295 = CARTESIAN_POINT ( 'NONE',  ( -66.94019999999996173, 3.274999999999999911, -8.594499999999992923 ) ) ;
#1296 = CYLINDRICAL_SURFACE ( 'NONE', #968, 1.625000000000001332 ) ;
#1297 = ADVANCED_FACE ( 'NONE', ( #1317 ), #698, .T. ) ;
#1298 = PLANE ( 'NONE',  #861 ) ;
#1299 = SPHERICAL_SURFACE ( 'NONE', #601, 1.000000000000000000 ) ;
#1300 = ORIENTED_EDGE ( 'NONE', *, *, #209, .T. ) ;
#1301 = DIRECTION ( 'NONE',  ( -1.000000000000000000, 0.000000000000000000, -0.000000000000000000 ) ) ;
#1302 = VERTEX_POINT ( 'NONE', #952 ) ;
#1303 = ADVANCED_FACE ( 'NONE', ( #1580 ), #1432, .F. ) ;
#1304 = VECTOR ( 'NONE', #1141, 1000.000000000000000 ) ;
#1305 = DIRECTION ( 'NONE',  ( 0.000000000000000000, 0.000000000000000000, -1.000000000000000000 ) ) ;
#1306 = AXIS2_PLACEMENT_3D ( 'NONE', #483, #980, #1133 ) ;
#1307 = AXIS2_PLACEMENT_3D ( 'NONE', #1497, #1233, #994 ) ;
#1308 = CARTESIAN_POINT ( 'NONE',  ( -71.14019999999996458, 1.000000000000000000, -12.49999999999999289 ) ) ;
#1309 = DIRECTION ( 'NONE',  ( 0.000000000000000000, -1.000000000000000000, 0.000000000000000000 ) ) ;
#1310 = CIRCLE ( 'NONE', #201, 2.200000000000000622 ) ;
#1311 = ORIENTED_EDGE ( 'NONE', *, *, #1242, .T. ) ;
#1312 = VECTOR ( 'NONE', #850, 1000.000000000000000 ) ;
#1313 = LINE ( 'NONE', #685, #1439 ) ;
#1314 = VECTOR ( 'NONE', #535, 1000.000000000000000 ) ;
#1315 = ORIENTED_EDGE ( 'NONE', *, *, #1293, .T. ) ;
#1316 = EDGE_CURVE ( 'NONE', #759, #1428, #47, .T. ) ;
#1317 = FACE_OUTER_BOUND ( 'NONE', #5, .T. ) ;
#1318 = EDGE_LOOP ( 'NONE', ( #589, #529 ) ) ;
#1319 = CARTESIAN_POINT ( 'NONE',  ( 47.15160238850765495, 0.000000000000000000, 26.50000000000000000 ) ) ;
#1320 = ORIENTED_EDGE ( 'NONE', *, *, #178, .F. ) ;
#1321 = SPHERICAL_SURFACE ( 'NONE', #198, 1.000000000000000000 ) ;
#1322 = CYLINDRICAL_SURFACE ( 'NONE', #1595, 1.000000000000000888 ) ;
#1323 = ADVANCED_FACE ( 'NONE', ( #331 ), #1193, .F. ) ;
#1324 = VERTEX_POINT ( 'NONE', #448 ) ;
#1325 = CARTESIAN_POINT ( 'NONE',  ( 59.35980000000004253, 1.000000000000000000, -35.79449999999999221 ) ) ;
#1326 = VERTEX_POINT ( 'NONE', #845 ) ;
#1327 = AXIS2_PLACEMENT_3D ( 'NONE', #191, #53, #939 ) ;
#1328 = CARTESIAN_POINT ( 'NONE',  ( 59.08682513612689036, 6.500000000000000000, 36.68901531373557390 ) ) ;
#1329 = CARTESIAN_POINT ( 'NONE',  ( -56.43309321881341845, 1.000000000000000000, -26.79289321881344321 ) ) ;
#1330 = CIRCLE ( 'NONE', #1509, 1.625000000000004885 ) ;
#1331 = VERTEX_POINT ( 'NONE', #1449 ) ;
#1332 =( NAMED_UNIT ( * ) SI_UNIT ( $, .STERADIAN. ) SOLID_ANGLE_UNIT ( ) );
#1333 = CIRCLE ( 'NONE', #308, 1.000000000000000888 ) ;
#1334 = AXIS2_PLACEMENT_3D ( 'NONE', #873, #241, #736 ) ;
#1335 = EDGE_LOOP ( 'NONE', ( #1450, #409 ) ) ;
#1336 = DIRECTION ( 'NONE',  ( 1.000000000000000000, 0.000000000000000000, -1.387778780781444413E-14 ) ) ;
#1337 = EDGE_CURVE ( 'NONE', #27, #847, #1624, .T. ) ;
#1338 = PRODUCT_DEFINITION_FORMATION_WITH_SPECIFIED_SOURCE ( 'ANY', '', #909, .NOT_KNOWN. ) ;
#1339 = DIRECTION ( 'NONE',  ( 1.000000000000000000, 0.000000000000000000, 0.000000000000000000 ) ) ;
#1340 = DIRECTION ( 'NONE',  ( 0.000000000000000000, 1.000000000000000000, 0.000000000000000000 ) ) ;
#1341 = VERTEX_POINT ( 'NONE', #1488 ) ;
#1342 = LINE ( 'NONE', #213, #1411 ) ;
#1343 = ORIENTED_EDGE ( 'NONE', *, *, #478, .T. ) ;
#1344 = DIRECTION ( 'NONE',  ( 0.000000000000000000, 0.000000000000000000, 1.000000000000000000 ) ) ;
#1345 = EDGE_CURVE ( 'NONE', #566, #919, #98, .T. ) ;
#1346 = DIRECTION ( 'NONE',  ( 0.6168397736283645072, 0.000000000000000000, 0.7870887457397088838 ) ) ;
#1347 = DIRECTION ( 'NONE',  ( -0.000000000000000000, -1.000000000000000000, -0.000000000000000000 ) ) ;
#1348 = EDGE_CURVE ( 'NONE', #371, #1326, #920, .T. ) ;
#1349 = CARTESIAN_POINT ( 'NONE',  ( -56.72598643762686521, 6.500000000000000000, 26.50000000000000711 ) ) ;
#1350 = ORIENTED_EDGE ( 'NONE', *, *, #130, .F. ) ;
#1351 = PLANE ( 'NONE',  #988 ) ;
#1352 = CARTESIAN_POINT ( 'NONE',  ( 47.15160238850765495, 1.000000000000000000, 26.50000000000000000 ) ) ;
#1353 = EDGE_CURVE ( 'NONE', #381, #702, #1244, .T. ) ;
#1354 = AXIS2_PLACEMENT_3D ( 'NONE', #477, #1585, #798 ) ;
#1355 = DIRECTION ( 'NONE',  ( -0.000000000000000000, -1.000000000000000000, -0.000000000000000000 ) ) ;
#1356 = ORIENTED_EDGE ( 'NONE', *, *, #1150, .F. ) ;
#1357 = AXIS2_PLACEMENT_3D ( 'NONE', #1030, #1047, #11 ) ;
#1358 = CARTESIAN_POINT ( 'NONE',  ( 48.11683977362837084, 1.000000000000000000, -26.71291125426029822 ) ) ;
#1359 = AXIS2_PLACEMENT_3D ( 'NONE', #261, #766, #641 ) ;
#1360 = CARTESIAN_POINT ( 'NONE',  ( -47.49999999999999289, 6.500000000000000000, 27.50000000000000711 ) ) ;
#1361 = LINE ( 'NONE', #217, #18 ) ;
#1362 = EDGE_CURVE ( 'NONE', #870, #1089, #1252, .T. ) ;
#1363 = ORIENTED_EDGE ( 'NONE', *, *, #1285, .T. ) ;
#1364 = FACE_OUTER_BOUND ( 'NONE', #160, .T. ) ;
#1365 = ORIENTED_EDGE ( 'NONE', *, *, #1056, .F. ) ;
#1366 = DIRECTION ( 'NONE',  ( 0.000000000000000000, 1.000000000000000000, 0.000000000000000000 ) ) ;
#1367 = LINE ( 'NONE', #369, #569 ) ;
#1368 = CARTESIAN_POINT ( 'NONE',  ( -57.43309321881341134, 6.500000000000000000, 27.20710678118655323 ) ) ;
#1369 = ORIENTED_EDGE ( 'NONE', *, *, #1024, .T. ) ;
#1370 = DIRECTION ( 'NONE',  ( -1.000000000000000000, 0.000000000000000000, 0.000000000000000000 ) ) ;
#1371 = EDGE_CURVE ( 'NONE', #973, #1191, #1622, .T. ) ;
#1372 = EDGE_LOOP ( 'NONE', ( #255, #1609, #1096, #443 ) ) ;
#1373 = CARTESIAN_POINT ( 'NONE',  ( -66.94019999999996173, 0.000000000000000000, -8.594499999999992923 ) ) ;
#1374 = CYLINDRICAL_SURFACE ( 'NONE', #442, 2.200000000000000622 ) ;
#1375 = CARTESIAN_POINT ( 'NONE',  ( 64.55980000000002406, 3.274999999999999911, 31.70550000000000423 ) ) ;
#1376 = ORIENTED_EDGE ( 'NONE', *, *, #592, .F. ) ;
#1377 = CARTESIAN_POINT ( 'NONE',  ( 47.50000000000000711, 6.500000000000000000, -27.50000000000000711 ) ) ;
#1378 = AXIS2_PLACEMENT_3D ( 'NONE', #905, #460, #1084 ) ;
#1379 = ORIENTED_EDGE ( 'NONE', *, *, #101, .T. ) ;
#1380 = PLANE ( 'NONE',  #600 ) ;
#1381 = CIRCLE ( 'NONE', #380, 0.9999999999999990008 ) ;
#1382 = CIRCLE ( 'NONE', #1306, 0.9999999999999960032 ) ;
#1383 = EDGE_CURVE ( 'NONE', #313, #1171, #112, .T. ) ;
#1384 = VECTOR ( 'NONE', #235, 999.9999999999998863 ) ;
#1385 = CARTESIAN_POINT ( 'NONE',  ( 69.75980000000006953, 1.000000000000000000, 35.90549999999999642 ) ) ;
#1386 = DIRECTION ( 'NONE',  ( 0.000000000000000000, -1.000000000000000000, 0.000000000000000000 ) ) ;
#1387 = ORIENTED_EDGE ( 'NONE', *, *, #246, .F. ) ;
#1388 = CARTESIAN_POINT ( 'NONE',  ( 59.70496460086212664, 1.000000000000000000, -36.79449999999999221 ) ) ;
#1389 = ORIENTED_EDGE ( 'NONE', *, *, #573, .F. ) ;
#1390 = CARTESIAN_POINT ( 'NONE',  ( 68.75980000000004111, 1.000000000000000000, -36.79449999999999221 ) ) ;
#1391 = EDGE_CURVE ( 'NONE', #570, #1419, #551, .T. ) ;
#1392 = DIRECTION ( 'NONE',  ( 0.000000000000000000, 1.000000000000000000, 0.000000000000000000 ) ) ;
#1393 = DIRECTION ( 'NONE',  ( 0.000000000000000000, 1.000000000000000000, 0.000000000000000000 ) ) ;
#1394 = DIRECTION ( 'NONE',  ( 0.000000000000000000, -1.000000000000000000, 0.000000000000000000 ) ) ;
#1395 = DIRECTION ( 'NONE',  ( 0.000000000000000000, 1.000000000000000000, 0.000000000000000000 ) ) ;
#1396 = PRODUCT_DEFINITION_CONTEXT ( 'detailed design', #1447, 'design' ) ;
#1397 = ORIENTED_EDGE ( 'NONE', *, *, #199, .F. ) ;
#1398 = CARTESIAN_POINT ( 'NONE',  ( 47.50000000000000711, 1.000000000000000000, -26.50000000000000711 ) ) ;
#1399 = ORIENTED_EDGE ( 'NONE', *, *, #884, .T. ) ;
#1400 = DIRECTION ( 'NONE',  ( 0.000000000000000000, 0.000000000000000000, 1.000000000000000000 ) ) ;
#1401 = FACE_BOUND ( 'NONE', #1335, .T. ) ;
#1402 = EDGE_LOOP ( 'NONE', ( #1300, #1602 ) ) ;
#1403 = LINE ( 'NONE', #152, #121 ) ;
#1404 = ORIENTED_EDGE ( 'NONE', *, *, #1034, .F. ) ;
#1405 = CARTESIAN_POINT ( 'NONE',  ( 69.75980000000004111, 6.500000000000000000, -35.79449999999999221 ) ) ;
#1406 = VECTOR ( 'NONE', #234, 1000.000000000000000 ) ;
#1407 = ORIENTED_EDGE ( 'NONE', *, *, #738, .T. ) ;
#1408 = VECTOR ( 'NONE', #157, 1000.000000000000000 ) ;
#1409 = CIRCLE ( 'NONE', #254, 1.000000000000000888 ) ;
#1410 = CYLINDRICAL_SURFACE ( 'NONE', #885, 1.000000000000000888 ) ;
#1411 = VECTOR ( 'NONE', #1072, 1000.000000000000000 ) ;
#1412 = CARTESIAN_POINT ( 'NONE',  ( -72.14019999999996458, 1.000000000000000000, -12.08578643762690064 ) ) ;
#1413 = AXIS2_PLACEMENT_3D ( 'NONE', #799, #1036, #408 ) ;
#1414 = EDGE_LOOP ( 'NONE', ( #1033, #804, #1114, #995 ) ) ;
#1415 = CYLINDRICAL_SURFACE ( 'NONE', #687, 1.625000000000003109 ) ;
#1416 = EDGE_CURVE ( 'NONE', #870, #1171, #787, .T. ) ;
#1417 = ORIENTED_EDGE ( 'NONE', *, *, #1383, .F. ) ;
#1418 = LINE ( 'NONE', #272, #915 ) ;
#1419 = VERTEX_POINT ( 'NONE', #91 ) ;
#1420 = EDGE_CURVE ( 'NONE', #336, #1007, #1361, .T. ) ;
#1421 = LINE ( 'NONE', #675, #1438 ) ;
#1422 = FACE_OUTER_BOUND ( 'NONE', #1499, .T. ) ;
#1423 = ORIENTED_EDGE ( 'NONE', *, *, #345, .F. ) ;
#1424 = CYLINDRICAL_SURFACE ( 'NONE', #1183, 1.000000000000000888 ) ;
#1425 = EDGE_LOOP ( 'NONE', ( #890, #832, #207, #893 ) ) ;
#1426 = LINE ( 'NONE', #936, #548 ) ;
#1427 = EDGE_CURVE ( 'NONE', #1007, #907, #1126, .T. ) ;
#1428 = VERTEX_POINT ( 'NONE', #370 ) ;
#1429 = EDGE_CURVE ( 'NONE', #1524, #1302, #1117, .T. ) ;
#1430 = PRODUCT_CONTEXT ( 'NONE', #840, 'mechanical' ) ;
#1431 = DIRECTION ( 'NONE',  ( -0.000000000000000000, -1.000000000000000000, -0.000000000000000000 ) ) ;
#1432 = CYLINDRICAL_SURFACE ( 'NONE', #258, 1.625000000000003109 ) ;
#1433 = EDGE_LOOP ( 'NONE', ( #427, #1258 ) ) ;
#1434 = DIRECTION ( 'NONE',  ( -1.000000000000000000, 0.000000000000000000, 3.598936694211350476E-16 ) ) ;
#1435 = EDGE_LOOP ( 'NONE', ( #550, #740, #1075, #1559 ) ) ;
#1436 = VECTOR ( 'NONE', #1127, 1000.000000000000000 ) ;
#1437 = EDGE_CURVE ( 'NONE', #1302, #1010, #967, .T. ) ;
#1438 = VECTOR ( 'NONE', #590, 1000.000000000000000 ) ;
#1439 = VECTOR ( 'NONE', #183, 1000.000000000000000 ) ;
#1440 = DIRECTION ( 'NONE',  ( 0.000000000000000000, 0.000000000000000000, -1.000000000000000000 ) ) ;
#1441 = DIRECTION ( 'NONE',  ( 0.000000000000000000, 1.000000000000000000, 0.000000000000000000 ) ) ;
#1442 = VECTOR ( 'NONE', #1479, 1000.000000000000000 ) ;
#1443 = EDGE_LOOP ( 'NONE', ( #1002, #1202, #1389, #1232 ) ) ;
#1444 = AXIS2_PLACEMENT_3D ( 'NONE', #29, #913, #159 ) ;
#1445 = EDGE_LOOP ( 'NONE', ( #1363, #190 ) ) ;
#1446 = ADVANCED_FACE ( 'NONE', ( #502 ), #480, .F. ) ;
#1447 = APPLICATION_CONTEXT ( 'automotive_design' ) ;
#1448 = DIRECTION ( 'NONE',  ( 1.000000000000000000, -6.938893903907222067E-15, 0.000000000000000000 ) ) ;
#1449 = CARTESIAN_POINT ( 'NONE',  ( 47.77297486387316638, 1.000000000000000000, 27.71648468626443673 ) ) ;
#1450 = ORIENTED_EDGE ( 'NONE', *, *, #614, .T. ) ;
#1451 = CARTESIAN_POINT ( 'NONE',  ( -56.72598643762686521, 0.000000000000000000, 26.50000000000000711 ) ) ;
#1452 = ORIENTED_EDGE ( 'NONE', *, *, #491, .F. ) ;
#1453 = LINE ( 'NONE', #579, #1563 ) ;
#1454 = CARTESIAN_POINT ( 'NONE',  ( -56.72598643762686521, 6.500000000000000000, 26.50000000000000711 ) ) ;
#1455 = ORIENTED_EDGE ( 'NONE', *, *, #981, .T. ) ;
#1456 = DIRECTION ( 'NONE',  ( 1.000000000000000000, 0.000000000000000000, 0.000000000000000000 ) ) ;
#1457 = ORIENTED_EDGE ( 'NONE', *, *, #822, .F. ) ;
#1458 = DIRECTION ( 'NONE',  ( -6.938893903907228378E-15, -1.000000000000000000, 0.000000000000000000 ) ) ;
#1459 = CARTESIAN_POINT ( 'NONE',  ( 68.75980000000004111, 1.000000000000000000, -35.79449999999999221 ) ) ;
#1460 = DIRECTION ( 'NONE',  ( 0.000000000000000000, 1.000000000000000000, 0.000000000000000000 ) ) ;
#1461 = CIRCLE ( 'NONE', #1482, 1.000000000000000888 ) ;
#1462 = VECTOR ( 'NONE', #775, 1000.000000000000000 ) ;
#1463 = EDGE_CURVE ( 'NONE', #700, #127, #1512, .T. ) ;
#1464 = AXIS2_PLACEMENT_3D ( 'NONE', #485, #857, #1469 ) ;
#1465 = ORIENTED_EDGE ( 'NONE', *, *, #810, .F. ) ;
#1466 = DIRECTION ( 'NONE',  ( -0.000000000000000000, -1.000000000000000000, -0.000000000000000000 ) ) ;
#1467 = ADVANCED_FACE ( 'NONE', ( #998 ), #743, .F. ) ;
#1468 = DIRECTION ( 'NONE',  ( 0.000000000000000000, -1.000000000000000000, 0.000000000000000000 ) ) ;
#1469 = DIRECTION ( 'NONE',  ( 0.000000000000000000, 0.000000000000000000, 1.000000000000000000 ) ) ;
#1470 = ORIENTED_EDGE ( 'NONE', *, *, #220, .F. ) ;
#1471 = SPHERICAL_SURFACE ( 'NONE', #1537, 1.000000000000000000 ) ;
#1472 = CARTESIAN_POINT ( 'NONE',  ( 64.55980000000002406, 3.274999999999999911, -33.21949999999998937 ) ) ;
#1473 = CARTESIAN_POINT ( 'NONE',  ( 47.15483539913793010, 6.500000000000000000, -28.50000000000000711 ) ) ;
#1474 = CARTESIAN_POINT ( 'NONE',  ( 47.15483539913793010, 0.000000000000000000, -26.50000000000000711 ) ) ;
#1475 = ORIENTED_EDGE ( 'NONE', *, *, #726, .F. ) ;
#1476 = DIRECTION ( 'NONE',  ( 0.000000000000000000, 0.000000000000000000, 1.000000000000000000 ) ) ;
#1477 = EDGE_CURVE ( 'NONE', #221, #294, #1511, .T. ) ;
#1478 = CARTESIAN_POINT ( 'NONE',  ( 48.38851494639465756, 1.000000000000000000, -26.92582250852059289 ) ) ;
#1479 = DIRECTION ( 'NONE',  ( 0.000000000000000000, 1.000000000000000000, 0.000000000000000000 ) ) ;
#1480 = VECTOR ( 'NONE', #484, 1000.000000000000000 ) ;
#1481 = ORIENTED_EDGE ( 'NONE', *, *, #559, .T. ) ;
#1482 = AXIS2_PLACEMENT_3D ( 'NONE', #1603, #854, #72 ) ;
#1483 = ORIENTED_EDGE ( 'NONE', *, *, #475, .T. ) ;
#1484 = AXIS2_PLACEMENT_3D ( 'NONE', #134, #40, #530 ) ;
#1485 = DIRECTION ( 'NONE',  ( 0.000000000000000000, 1.000000000000000000, 0.000000000000000000 ) ) ;
#1486 = AXIS2_PLACEMENT_3D ( 'NONE', #1590, #316, #704 ) ;
#1487 = CARTESIAN_POINT ( 'NONE',  ( -71.14019999999996458, 1.000000000000000000, -12.08578643762689886 ) ) ;
#1488 = CARTESIAN_POINT ( 'NONE',  ( 64.55980000000002406, 6.500000000000000000, -33.21949999999998937 ) ) ;
#1489 = ORIENTED_EDGE ( 'NONE', *, *, #1604, .T. ) ;
#1490 = CARTESIAN_POINT ( 'NONE',  ( -66.94019999999996173, 6.500000000000000000, -8.594499999999992923 ) ) ;
#1492 = ADVANCED_FACE ( 'NONE', ( #125 ), #758, .F. ) ;
#1491 = VERTEX_POINT ( 'NONE', #1368 ) ;
#1493 = FACE_OUTER_BOUND ( 'NONE', #1372, .T. ) ;
#1494 = CARTESIAN_POINT ( 'NONE',  ( -66.94019999999996173, 3.274999999999999911, -8.594499999999992923 ) ) ;
#1495 = DIRECTION ( 'NONE',  ( 0.000000000000000000, 0.000000000000000000, 1.000000000000000000 ) ) ;
#1496 = ORIENTED_EDGE ( 'NONE', *, *, #276, .F. ) ;
#1497 = CARTESIAN_POINT ( 'NONE',  ( 64.55980000000002406, 6.500000000000000000, 31.70550000000000423 ) ) ;
#1498 = EDGE_CURVE ( 'NONE', #299, #1341, #990, .T. ) ;
#1499 = EDGE_LOOP ( 'NONE', ( #1626, #1571, #1210, #791 ) ) ;
#1500 = DIRECTION ( 'NONE',  ( 0.7071067811865479058, -0.000000000000000000, 0.7071067811865471286 ) ) ;
#1501 = CARTESIAN_POINT ( 'NONE',  ( 69.75980000000006953, 1.000000000000000000, 35.90550000000000352 ) ) ;
#1502 = CARTESIAN_POINT ( 'NONE',  ( 59.70819761149239469, 6.500000000000000000, 36.90550000000001063 ) ) ;
#1503 = ORIENTED_EDGE ( 'NONE', *, *, #796, .T. ) ;
#1504 = DIRECTION ( 'NONE',  ( 0.000000000000000000, 0.000000000000000000, 1.000000000000000000 ) ) ;
#1505 = AXIS2_PLACEMENT_3D ( 'NONE', #399, #7, #515 ) ;
#1506 = ORIENTED_EDGE ( 'NONE', *, *, #248, .T. ) ;
#1507 = CARTESIAN_POINT ( 'NONE',  ( 64.55980000000002406, 6.500000000000000000, 30.08050000000000068 ) ) ;
#1508 = EDGE_CURVE ( 'NONE', #1534, #115, #657, .T. ) ;
#1509 = AXIS2_PLACEMENT_3D ( 'NONE', #120, #754, #1248 ) ;
#1510 = AXIS2_PLACEMENT_3D ( 'NONE', #1325, #706, #588 ) ;
#1511 = CIRCLE ( 'NONE', #1018, 0.9999999999999976685 ) ;
#1512 = CIRCLE ( 'NONE', #94, 1.000000000000000888 ) ;
#1513 = CARTESIAN_POINT ( 'NONE',  ( -56.72598643762686521, 6.500000000000000000, 27.50000000000000355 ) ) ;
#1514 = EDGE_CURVE ( 'NONE', #404, #289, #284, .T. ) ;
#1515 = DIRECTION ( 'NONE',  ( 0.000000000000000000, 1.000000000000000000, 0.000000000000000000 ) ) ;
#1516 = VECTOR ( 'NONE', #516, 1000.000000000000000 ) ;
#1517 = EDGE_LOOP ( 'NONE', ( #169, #730, #823, #456 ) ) ;
#1518 = CYLINDRICAL_SURFACE ( 'NONE', #865, 2.199999999999998845 ) ;
#1519 = EDGE_LOOP ( 'NONE', ( #212, #228, #1286, #69 ) ) ;
#1520 = CARTESIAN_POINT ( 'NONE',  ( -71.14019999999996458, 0.000000000000000000, -12.08578643762690419 ) ) ;
#1521 = ORIENTED_EDGE ( 'NONE', *, *, #1060, .T. ) ;
#1522 = CARTESIAN_POINT ( 'NONE',  ( 64.55980000000002406, 3.274999999999999911, 33.33050000000000779 ) ) ;
#1523 = CARTESIAN_POINT ( 'NONE',  ( 64.55980000000002406, 6.500000000000000000, -31.59449999999998937 ) ) ;
#1524 = VERTEX_POINT ( 'NONE', #1142 ) ;
#1525 = CYLINDRICAL_SURFACE ( 'NONE', #1484, 1.000000000000000888 ) ;
#1526 = ORIENTED_EDGE ( 'NONE', *, *, #220, .T. ) ;
#1527 = CARTESIAN_POINT ( 'NONE',  ( 64.55980000000002406, 0.000000000000000000, -31.59449999999998937 ) ) ;
#1528 = EDGE_LOOP ( 'NONE', ( #662, #714, #794, #1489, #1149, #1315, #820, #1311, #1506, #1407, #536, #1031, #612, #1619, #707, #458, #395, #1581, #1063, #1272 ) ) ;
#1529 = DIRECTION ( 'NONE',  ( 0.000000000000000000, 1.000000000000000000, 0.000000000000000000 ) ) ;
#1530 = LINE ( 'NONE', #1502, #1129 ) ;
#1531 = ADVANCED_FACE ( 'NONE', ( #1422 ), #1296, .F. ) ;
#1532 = ORIENTED_EDGE ( 'NONE', *, *, #1549, .F. ) ;
#1533 = DIRECTION ( 'NONE',  ( 0.6213724753655073263, 0.000000000000000000, -0.7835153137355655995 ) ) ;
#1534 = VERTEX_POINT ( 'NONE', #676 ) ;
#1535 = DIRECTION ( 'NONE',  ( -0.000000000000000000, -1.000000000000000000, -0.000000000000000000 ) ) ;
#1536 = ORIENTED_EDGE ( 'NONE', *, *, #452, .T. ) ;
#1537 = AXIS2_PLACEMENT_3D ( 'NONE', #1219, #86, #709 ) ;
#1538 = FACE_OUTER_BOUND ( 'NONE', #636, .T. ) ;
#1539 = MECHANICAL_DESIGN_GEOMETRIC_PRESENTATION_REPRESENTATION (  '', ( #469 ), #733 ) ;
#1540 =( NAMED_UNIT ( * ) SI_UNIT ( $, .STERADIAN. ) SOLID_ANGLE_UNIT ( ) );
#1541 = AXIS2_PLACEMENT_3D ( 'NONE', #81, #1441, #211 ) ;
#1542 = EDGE_CURVE ( 'NONE', #76, #962, #418, .T. ) ;
#1543 = ORIENTED_EDGE ( 'NONE', *, *, #1604, .F. ) ;
#1544 = FACE_OUTER_BOUND ( 'NONE', #324, .T. ) ;
#1545 = CIRCLE ( 'NONE', #892, 2.200000000000000622 ) ;
#1546 = EDGE_CURVE ( 'NONE', #907, #294, #1176, .T. ) ;
#1547 = VERTEX_POINT ( 'NONE', #1006 ) ;
#1548 = CARTESIAN_POINT ( 'NONE',  ( 59.70496460086212664, 6.500000000000000000, -36.79449999999999221 ) ) ;
#1549 = EDGE_CURVE ( 'NONE', #242, #1534, #1530, .T. ) ;
#1550 = VERTEX_POINT ( 'NONE', #379 ) ;
#1551 = DIRECTION ( 'NONE',  ( 0.000000000000000000, 1.000000000000000000, 0.000000000000000000 ) ) ;
#1552 = DIRECTION ( 'NONE',  ( 0.000000000000000000, 1.000000000000000000, 0.000000000000000000 ) ) ;
#1553 = ORIENTED_EDGE ( 'NONE', *, *, #764, .T. ) ;
#1554 = DIRECTION ( 'NONE',  ( -1.387778780781444413E-14, 0.000000000000000000, 1.000000000000000000 ) ) ;
#1555 = EDGE_CURVE ( 'NONE', #127, #50, #888, .T. ) ;
#1556 = EDGE_LOOP ( 'NONE', ( #587, #1553, #58 ) ) ;
#1557 = DIRECTION ( 'NONE',  ( -3.766021114739337089E-16, -0.000000000000000000, -1.000000000000000000 ) ) ;
#1558 = FACE_OUTER_BOUND ( 'NONE', #1528, .T. ) ;
#1559 = ORIENTED_EDGE ( 'NONE', *, *, #206, .T. ) ;
#1560 = DIRECTION ( 'NONE',  ( 0.7071067811865457964, 0.000000000000000000, 0.7071067811865492381 ) ) ;
#1561 = EDGE_CURVE ( 'NONE', #1007, #1089, #8, .T. ) ;
#1562 = EDGE_LOOP ( 'NONE', ( #63, #770 ) ) ;
#1563 = VECTOR ( 'NONE', #1208, 1000.000000000000114 ) ;
#1564 = AXIS2_PLACEMENT_3D ( 'NONE', #1228, #553, #607 ) ;
#1565 = AXIS2_PLACEMENT_3D ( 'NONE', #1527, #695, #145 ) ;
#1566 = CIRCLE ( 'NONE', #16, 1.000000000000000888 ) ;
#1567 = PLANE ( 'NONE',  #171 ) ;
#1568 = FACE_BOUND ( 'NONE', #1562, .T. ) ;
#1569 = AXIS2_PLACEMENT_3D ( 'NONE', #131, #293, #421 ) ;
#1570 = FACE_OUTER_BOUND ( 'NONE', #1294, .T. ) ;
#1571 = ORIENTED_EDGE ( 'NONE', *, *, #1353, .T. ) ;
#1572 = CARTESIAN_POINT ( 'NONE',  ( 64.55980000000002406, 6.500000000000000000, -33.79449999999999221 ) ) ;
#1573 = FACE_BOUND ( 'NONE', #684, .T. ) ;
#1574 = ORIENTED_EDGE ( 'NONE', *, *, #1159, .T. ) ;
#1575 = LINE ( 'NONE', #564, #655 ) ;
#1576 = ORIENTED_EDGE ( 'NONE', *, *, #428, .T. ) ;
#1577 = DIRECTION ( 'NONE',  ( 0.000000000000000000, -1.000000000000000000, 0.000000000000000000 ) ) ;
#1579 = EDGE_CURVE ( 'NONE', #919, #1174, #1229, .T. ) ;
#1578 = FACE_OUTER_BOUND ( 'NONE', #413, .T. ) ;
#1580 = FACE_OUTER_BOUND ( 'NONE', #82, .T. ) ;
#1581 = ORIENTED_EDGE ( 'NONE', *, *, #1463, .T. ) ;
#1582 = DIRECTION ( 'NONE',  ( 0.000000000000000000, 0.000000000000000000, -1.000000000000000000 ) ) ;
#1584 = EDGE_CURVE ( 'NONE', #1341, #299, #525, .T. ) ;
#1583 = ORIENTED_EDGE ( 'NONE', *, *, #1555, .T. ) ;
#1585 = DIRECTION ( 'NONE',  ( 0.000000000000000000, 1.000000000000000000, 0.000000000000000000 ) ) ;
#1586 = CIRCLE ( 'NONE', #622, 1.000000000000000888 ) ;
#1587 = VECTOR ( 'NONE', #129, 1000.000000000000114 ) ;
#1588 = CARTESIAN_POINT ( 'NONE',  ( -71.84730678118651781, 6.500000000000000000, 12.79289321881346098 ) ) ;
#1589 = AXIS2_PLACEMENT_3D ( 'NONE', #772, #1529, #37 ) ;
#1590 = CARTESIAN_POINT ( 'NONE',  ( -56.72598643762686521, 6.500000000000000000, -26.49999999999999645 ) ) ;
#1591 = EDGE_CURVE ( 'NONE', #746, #264, #334, .T. ) ;
#1592 = CIRCLE ( 'NONE', #175, 1.000000000000000000 ) ;
#1593 = VERTEX_POINT ( 'NONE', #1412 ) ;
#1594 = PRESENTATION_LAYER_ASSIGNMENT (  '', '', ( #469 ) ) ;
#1595 = AXIS2_PLACEMENT_3D ( 'NONE', #562, #1309, #809 ) ;
#1596 = ORIENTED_EDGE ( 'NONE', *, *, #1034, .T. ) ;
#1597 = CARTESIAN_POINT ( 'NONE',  ( -66.94019999999996173, 0.000000000000000000, -6.394499999999994522 ) ) ;
#1598 = CARTESIAN_POINT ( 'NONE',  ( 68.75980000000005532, 0.000000000000000000, -2.589508586452541422E-14 ) ) ;
#1599 = CARTESIAN_POINT ( 'NONE',  ( 59.70496460086212664, 1.000000000000000000, -35.79449999999999221 ) ) ;
#1600 = ORIENTED_EDGE ( 'NONE', *, *, #932, .T. ) ;
#1601 = DIRECTION ( 'NONE',  ( 0.000000000000000000, 0.000000000000000000, 1.000000000000000000 ) ) ;
#1602 = ORIENTED_EDGE ( 'NONE', *, *, #338, .T. ) ;
#1603 = CARTESIAN_POINT ( 'NONE',  ( 68.75980000000006953, 1.000000000000000000, 35.90550000000000352 ) ) ;
#1604 = EDGE_CURVE ( 'NONE', #664, #307, #389, .T. ) ;
#1605 = DIRECTION ( 'NONE',  ( 0.000000000000000000, 0.000000000000000000, -1.000000000000000000 ) ) ;
#1606 = EDGE_CURVE ( 'NONE', #1326, #371, #1545, .T. ) ;
#1607 = CARTESIAN_POINT ( 'NONE',  ( 59.70496460086212664, 6.500000000000000000, -35.79449999999999221 ) ) ;
#1608 = CARTESIAN_POINT ( 'NONE',  ( 69.75980000000006953, 6.500000000000000000, 36.90550000000001063 ) ) ;
#1609 = ORIENTED_EDGE ( 'NONE', *, *, #614, .F. ) ;
#1610 = DIRECTION ( 'NONE',  ( 0.7071067811865475727, -0.000000000000000000, 0.7071067811865475727 ) ) ;
#1611 = ADVANCED_FACE ( 'NONE', ( #1401, #138 ), #781, .F. ) ;
#1612 = CARTESIAN_POINT ( 'NONE',  ( -66.94019999999996173, 6.500000000000000000, -10.79449999999999221 ) ) ;
#1613 = DIRECTION ( 'NONE',  ( 0.000000000000000000, 0.000000000000000000, 1.000000000000000000 ) ) ;
#1614 = CLOSED_SHELL ( 'NONE', ( #1531, #1303, #1083, #965, #975, #805, #503, #1196, #398, #1275, #1009, #677, #1323, #166, #298, #55, #1028, #501, #1492, #719, #621, #1446, #1177, #716, #859, #929, #842, #1297, #315, #937, #158, #554, #1269, #59, #1221, #626, #259, #1102, #123, #36, #1207, #377, #547, #1110, #26, #904, #855, #647, #1046, #1076, #867, #1611, #699, #511, #1125, #30, #1467 ) ) ;
#1615 = VECTOR ( 'NONE', #780, 1000.000000000000000 ) ;
#1616 = EDGE_LOOP ( 'NONE', ( #851, #1079, #1197, #1240 ) ) ;
#1617 = DIRECTION ( 'NONE',  ( 0.000000000000000000, 1.000000000000000000, 0.000000000000000000 ) ) ;
#1618 = COLOUR_RGB ( '',0.7921568627450980005, 0.8196078431372548767, 0.9333333333333333481 ) ;
#1619 = ORIENTED_EDGE ( 'NONE', *, *, #1391, .T. ) ;
#1620 = AXIS2_PLACEMENT_3D ( 'NONE', #943, #205, #1582 ) ;
#1621 = CARTESIAN_POINT ( 'NONE',  ( -71.84730678118650360, 6.500000000000000000, -12.79289321881345209 ) ) ;
#1622 = CIRCLE ( 'NONE', #68, 1.000000000000000888 ) ;
#1623 = DIRECTION ( 'NONE',  ( 0.000000000000000000, -1.000000000000000000, 0.000000000000000000 ) ) ;
#1624 = LINE ( 'NONE', #347, #359 ) ;
#1625 = FACE_BOUND ( 'NONE', #1445, .T. ) ;
#1626 = ORIENTED_EDGE ( 'NONE', *, *, #1262, .F. ) ;
#1627 = FACE_OUTER_BOUND ( 'NONE', #132, .T. ) ;
ENDSEC;
END-ISO-10303-21;
